{
  "success": true,
  "reps_used": 1,
  "latency_ms": 0.0,
  "crc_ok": true,
  "meta": {
    "seed": 1234,
    "M": 4,
    "mode": "ofdm_awgn",
    "nfft": 256,
    "cp": 0.125,
    "n_subcarriers": 64,
    "minislot_symbols": 4,
    "target_errs": 100
  },
  "ber_curve": {
    "0.0": 0.081787109375,
    "2.0": 0.039306640625,
    "4.0": 0.01181640625,
    "6.0": 0.0023342225609756097,
    "8.0": 0.000202178955078125,
    "10.0": 1.999616073713847e-06
  },
  "n_bits_curve": {
    "0.0": 20480,
    "2.0": 20480,
    "4.0": 20480,
    "6.0": 41984,
    "8.0": 524288,
    "10.0": 2000384
  },
  "n_errs_curve": {
    "0.0": 1675,
    "2.0": 805,
    "4.0": 242,
    "6.0": 98,
    "8.0": 106,
    "10.0": 4
  }
}