{
  "snr_db": [
    0.0,
    4.0,
    8.0,
    12.0
  ],
  "ber": [
    0.0,
    0.0,
    0.0,
    0.0
  ],
  "evm_percent": [
    NaN,
    NaN,
    NaN,
    NaN
  ],
  "mse_H": [
    0.4687234163284302,
    0.20637162029743195,
    0.08172354847192764,
    0.031188244000077248
  ]
}