{
  "snr_db": [
    0.0,
    2.0,
    4.0,
    6.0,
    8.0,
    12.0,
    16.0,
    18.0,
    20.0,
    22.0,
    24.0
  ],
  "ber": [
    0.16597644376899695,
    0.1137937929931211,
    0.0691166913293873,
    0.03635743281075028,
    0.016068928971364582,
    0.0018049612062070069,
    5.274156135018397e-05,
    2.0996640537514e-06,
    0.0,
    0.0,
    0.0
  ],
  "evm_percent": [
    148.88953086632338,
    102.93682714164483,
    75.79454483864747,
    58.26386419222995,
    45.64122086903832,
    28.48255131454252,
    17.948949864295827,
    14.302666259461658,
    11.417722533081745,
    9.13822910082457,
    7.355605522364946
  ],
  "mse_H": [
    0.07319800385710974,
    0.046582940648844905,
    0.02935927145783805,
    0.018616351343833184,
    0.011769387552416638,
    0.004801985625728281,
    0.0020186441749347893,
    0.0013385438587368453,
    0.0009129960079753536,
    0.0006423880072875827,
    0.00047174854656944234
  ],
  "bits_per_frame": 2240
}