{
  "success": true,
  "reps_used": 1,
  "latency_ms": 0.0,
  "crc_ok": true,
  "meta": {
    "mode": "ofdm_m2",
    "seed": 1234,
    "target_errs": 200,
    "min_bits": 100000,
    "max_bits": 2000000,
    "growth": 2.0,
    "bits_per_frame": 1792
  },
  "snr_db": [
    2.0,
    4.0,
    6.0,
    8.0,
    12.0,
    16.0
  ],
  "ber": [
    0.20827686543367346,
    0.16907485650510204,
    0.1312579719387755,
    0.09761639030612244,
    0.04468271683673469,
    0.014080436862244899
  ],
  "n_bits_curve": [
    100352,
    100352,
    100352,
    100352,
    100352,
    100352
  ],
  "n_errs_curve": [
    20901,
    16967,
    13172,
    9796,
    4484,
    1413
  ],
  "evm_percent": [
    49.49119404477463,
    42.0116113855077,
    34.800815737666795,
    28.402714983601708,
    18.329821682438908,
    11.668941339105015
  ],
  "mse_H": [
    0.024694520629935747,
    0.015636902390883348,
    0.009887826002820753,
    0.006254136001636193,
    0.0025453872990360087,
    0.0010640841564092695
  ]
}