{
  "success": true,
  "reps_used": 1,
  "latency_ms": 0.0,
  "crc_ok": true,
  "meta": {
    "mode": "ofdm_m2",
    "seed": 1234,
    "bits_per_frame": 896,
    "urllc": {
      "five_qi": 85,
      "pdb_ms": 5.0,
      "per_target": 1e-05,
      "core_budget_ms": 2.0,
      "radio_deadline_ms": 3.0,
      "nr": {
        "mu": 2,
        "minislot_symbols": 14,
        "cp": 0.125,
        "tti_ms": 0.2625,
        "cg_ul": {
          "period_ms": 1.0,
          "K": 2,
          "early_stop": true
        },
        "harq": {
          "enabled": false,
          "k1_symbols": 0,
          "k2_symbols": 0
        }
      },
      "payload": {
        "app_payload_bytes": 32,
        "tb_payload_bytes": 48,
        "mdbv_bytes": 255
      },
      "tries": {
        "max_tries_by_deadline": 11,
        "n_independent_tries": 1,
        "bler_per_try_target": 9.99999999995449e-06
      },
      "notes": {
        "formula": "per_try = 1 - (1 - PER_target)^(1 / N_tries) with N_tries <= floor(deadline/TTI)",
        "tti_model": "TTI ~= L*(1+cp)/(15*2^mu) ms (approx.)"
      }
    },
    "nr_step1": {
      "mu": 2,
      "scs_khz": 60.0,
      "minislot_symbols": 14,
      "cp": 0.125,
      "tti_ms": 0.2625,
      "cg_ul": {
        "period_ms": 1.0,
        "K": 2,
        "early_stop": true,
        "K_span_ms": 0.525,
        "max_reps_in_deadline": 11,
        "span_fits_deadline": true
      },
      "harq": {
        "enabled": false,
        "k1_symbols": 0,
        "k2_symbols": 0
      }
    }
  },
  "snr_db": [
    0.0,
    2.0,
    4.0,
    6.0,
    8.0,
    10.0
  ],
  "ber": [
    0.04774711046232603,
    0.02252664573668213,
    0.00838590825467925,
    0.0021928991361382178,
    0.0003589425691889298,
    2.3615561332446647e-05
  ],
  "evm_percent": [
    53.29793244282809,
    44.65371588355852,
    36.677534122169135,
    29.719221803147033,
    23.897846045870867,
    19.113763894288567
  ],
  "mse_H": [
    0.0781810831115868,
    0.04942282618076644,
    0.031206919038866427,
    0.019769209880936653,
    0.012511271990685488,
    0.00794024882512778
  ]
}