{
  "K_list": [
    1,
    2,
    3
  ],
  "tables": {
    "1": {
      "snr_db": [
        0.0,
        4.0,
        8.0,
        12.0,
        16.0,
        20.0,
        24.0
      ],
      "p_timely": [
        0.00990099009900991,
        0.09090909090909094,
        0.2857142857142857,
        0.5475113122171946,
        0.7596153846153846,
        0.8862343572241184,
        0.9594813614262561
      ]
    },
    "2": {
      "snr_db": [
        0.0,
        4.0,
        8.0,
        12.0,
        16.0,
        20.0,
        24.0
      ],
      "p_timely": [
        0.019703950593079167,
        0.17355371900826455,
        0.4897959183673469,
        0.7952539874285949,
        0.9422152366863905,
        0.9870573785237905,
        0.9983582399281303
      ]
    },
    "3": {
      "snr_db": [
        0.0,
        4.0,
        8.0,
        12.0,
        16.0,
        20.0,
        24.0
      ],
      "p_timely": [
        0.02940985207235558,
        0.24868519909842235,
        0.6355685131195334,
        0.907354745442803,
        0.9861094318957669,
        0.9985275743485541,
        0.9999334781170232
      ]
    }
  },
  "interp": "linear",
  "snr_bounds": [
    0,
    24
  ]
}