{
  "K_list": [
    1,
    2,
    3
  ],
  "tables": {
    "1": {
      "snr_db": [
        8.0,
        10.0,
        12.0,
        14.0,
        16.0,
        18.0,
        20.0,
        22.0,
        24.0
      ],
      "p_timely": [
        0.0,
        0.2753623188405797,
        0.696969696969697,
        0.9542124542124543,
        0.9972676102519263,
        0.99994,
        1.0,
        1.0,
        1.0
      ]
    },
    "2": {
      "snr_db": [
        8.0,
        10.0,
        12.0,
        14.0,
        16.0,
        18.0,
        20.0,
        22.0,
        24.0
      ],
      "p_timely": [
        0.0,
        0.47490023104389834,
        0.9081726354453628,
        0.9979035006507534,
        0.9999925340462646,
        0.9999999964,
        1.0,
        1.0,
        1.0
      ]
    },
    "3": {
      "snr_db": [
        8.0,
        10.0,
        12.0,
        14.0,
        16.0,
        18.0,
        20.0,
        22.0,
        24.0
      ],
      "p_timely": [
        0.0,
        0.6194929210463032,
        0.9721735258925341,
        0.9999040064400528,
        0.9999999796001046,
        0.999999999999784,
        1.0,
        1.0,
        1.0
      ]
    }
  },
  "interp": "linear",
  "snr_bounds": [
    0,
    24
  ]
}