{
  "success": true,
  "snr_db": [
    0.0,
    4.0,
    8.0,
    12.0,
    16.0,
    20.0,
    24.0
  ],
  "bler": [
    0.9900990099009901,
    0.9090909090909091,
    0.7142857142857143,
    0.45248868778280543,
    0.2403846153846154,
    0.11376564277588168,
    0.04051863857374392
  ],
  "packets": [
    101,
    110,
    140,
    221,
    416,
    879,
    2468
  ],
  "meta": {
    "mode": "tb_bler",
    "seed": 44,
    "M": 4,
    "nfft": 256,
    "cp": 0.125,
    "n_subcarriers": 192,
    "minislot_symbols": 14,
    "pilot_spacing": 3,
    "pilot_offset": 0,
    "pilot_seed": 2025,
    "pilot_power_boost_db": 3.0,
    "pilot_power_mode": "constrained",
    "tb_payload_bytes": 48,
    "packets_per_snr": 100000,
    "min_errors": 100,
    "channel_model": "tdl"
  }
}