{
  "success": true,
  "snr_db": [
    0.0,
    4.0,
    8.0,
    12.0,
    16.0,
    20.0,
    24.0
  ],
  "ber": [
    0.15747942243303573,
    0.07788459622130102,
    0.027133240991709183,
    0.007517289142219388,
    0.0013490015146683674,
    5.8336853763244426e-05,
    1.1999907840707782e-07
  ],
  "evm_percent": [
    69.80716569985003,
    55.252654820821704,
    40.979390293835706,
    28.782414841225833,
    19.378708726984982,
    12.726047239603448,
    8.291427291274072
  ],
  "mse_H": [
    0.07336890509445872,
    0.029493272090268977,
    0.012037476661380282,
    0.005068182932569058,
    0.0023061410751984077,
    0.001203578527946051,
    0.0007655059392267933
  ],
  "n_bits_curve": [
    802816,
    802816,
    802816,
    802816,
    802816,
    5605376,
    50000384
  ],
  "n_errs_curve": [
    126427,
    62527,
    21783,
    6035,
    1083,
    327,
    6
  ]
}