{
  "rf_only": {
    "timely_delivery_ratio": {
      "mean": 0.48741,
      "std": 0.0280072483403129,
      "ci_95_lower": 0.4818527543078038,
      "ci_95_upper": 0.49296724569219624
    },
    "mean_latency_ms": {
      "mean": 2.0,
      "std": 0.0,
      "ci_95_lower": 2.0,
      "ci_95_upper": 2.0
    },
    "p95_latency_ms": {
      "mean": 2.0,
      "std": 0.0,
      "ci_95_lower": 2.0,
      "ci_95_upper": 2.0
    },
    "mean_k_total": {
      "mean": 2.0,
      "std": 0.0,
      "ci_95_lower": 2.0,
      "ci_95_upper": 2.0
    },
    "mean_energy": {
      "mean": 2.0,
      "std": 0.0,
      "ci_95_lower": 2.0,
      "ci_95_upper": 2.0
    },
    "frac_rf": {
      "mean": 1.0,
      "std": 0.0,
      "ci_95_lower": 1.0,
      "ci_95_upper": 1.0
    },
    "frac_vlc": {
      "mean": 0.0,
      "std": 0.0,
      "ci_95_lower": 0.0,
      "ci_95_upper": 0.0
    },
    "frac_dup": {
      "mean": 0.0,
      "std": 0.0,
      "ci_95_lower": 0.0,
      "ci_95_upper": 0.0
    },
    "num_switches": {
      "mean": 0.0,
      "std": 0.0,
      "ci_95_lower": 0.0,
      "ci_95_upper": 0.0
    }
  },
  "vlc_only": {
    "timely_delivery_ratio": {
      "mean": 0.7409500000000001,
      "std": 0.032160071548741974,
      "ci_95_lower": 0.7345687440871255,
      "ci_95_upper": 0.7473312559128747
    },
    "mean_latency_ms": {
      "mean": 2.0,
      "std": 0.0,
      "ci_95_lower": 2.0,
      "ci_95_upper": 2.0
    },
    "p95_latency_ms": {
      "mean": 2.0,
      "std": 0.0,
      "ci_95_lower": 2.0,
      "ci_95_upper": 2.0
    },
    "mean_k_total": {
      "mean": 2.0,
      "std": 0.0,
      "ci_95_lower": 2.0,
      "ci_95_upper": 2.0
    },
    "mean_energy": {
      "mean": 0.5999999999999998,
      "std": 0.0,
      "ci_95_lower": 0.5999999999999998,
      "ci_95_upper": 0.5999999999999998
    },
    "frac_rf": {
      "mean": 0.0,
      "std": 0.0,
      "ci_95_lower": 0.0,
      "ci_95_upper": 0.0
    },
    "frac_vlc": {
      "mean": 1.0,
      "std": 0.0,
      "ci_95_lower": 1.0,
      "ci_95_upper": 1.0
    },
    "frac_dup": {
      "mean": 0.0,
      "std": 0.0,
      "ci_95_lower": 0.0,
      "ci_95_upper": 0.0
    },
    "num_switches": {
      "mean": 0.0,
      "std": 0.0,
      "ci_95_lower": 0.0,
      "ci_95_upper": 0.0
    }
  },
  "always_dup": {
    "timely_delivery_ratio": {
      "mean": 0.73543,
      "std": 0.02135096572461626,
      "ci_95_lower": 0.7311935051878136,
      "ci_95_upper": 0.7396664948121865
    },
    "mean_latency_ms": {
      "mean": 2.0,
      "std": 0.0,
      "ci_95_lower": 2.0,
      "ci_95_upper": 2.0
    },
    "p95_latency_ms": {
      "mean": 2.0,
      "std": 0.0,
      "ci_95_lower": 2.0,
      "ci_95_upper": 2.0
    },
    "mean_k_total": {
      "mean": 2.0,
      "std": 0.0,
      "ci_95_lower": 2.0,
      "ci_95_upper": 2.0
    },
    "mean_energy": {
      "mean": 1.3000000000000005,
      "std": 0.0,
      "ci_95_lower": 1.3000000000000005,
      "ci_95_upper": 1.3000000000000005
    },
    "frac_rf": {
      "mean": 0.0,
      "std": 0.0,
      "ci_95_lower": 0.0,
      "ci_95_upper": 0.0
    },
    "frac_vlc": {
      "mean": 0.0,
      "std": 0.0,
      "ci_95_lower": 0.0,
      "ci_95_upper": 0.0
    },
    "frac_dup": {
      "mean": 1.0,
      "std": 0.0,
      "ci_95_lower": 1.0,
      "ci_95_upper": 1.0
    },
    "num_switches": {
      "mean": 0.0,
      "std": 0.0,
      "ci_95_lower": 0.0,
      "ci_95_upper": 0.0
    }
  },
  "oracle": {
    "timely_delivery_ratio": {
      "mean": 0.8180899999999999,
      "std": 0.019534530421483846,
      "ci_95_lower": 0.8142139253597929,
      "ci_95_upper": 0.8219660746402069
    },
    "mean_latency_ms": {
      "mean": 2.0,
      "std": 0.0,
      "ci_95_lower": 2.0,
      "ci_95_upper": 2.0
    },
    "p95_latency_ms": {
      "mean": 2.0,
      "std": 0.0,
      "ci_95_lower": 2.0,
      "ci_95_upper": 2.0
    },
    "mean_k_total": {
      "mean": 2.0,
      "std": 0.0,
      "ci_95_lower": 2.0,
      "ci_95_upper": 2.0
    },
    "mean_energy": {
      "mean": 0.9039749999999996,
      "std": 0.041187659657727686,
      "ci_95_lower": 0.8958024747514163,
      "ci_95_upper": 0.912147525248583
    },
    "frac_rf": {
      "mean": 0.20209999999999997,
      "std": 0.028227610238877463,
      "ci_95_lower": 0.1964990297263439,
      "ci_95_upper": 0.20770097027365605
    },
    "frac_vlc": {
      "mean": 0.7678500000000001,
      "std": 0.03139625371719926,
      "ci_95_lower": 0.7616203021160467,
      "ci_95_upper": 0.7740796978839536
    },
    "frac_dup": {
      "mean": 0.030050000000000004,
      "std": 0.010146776370210922,
      "ci_95_lower": 0.028036659432305978,
      "ci_95_upper": 0.032063340567694026
    },
    "num_switches": {
      "mean": 147.44,
      "std": 19.363257927728938,
      "ci_95_lower": 143.59790953833652,
      "ci_95_upper": 151.28209046166347
    }
  },
  "threshold": {
    "timely_delivery_ratio": {
      "mean": 0.78848,
      "std": 0.020734726641286807,
      "ci_95_lower": 0.784365780391346,
      "ci_95_upper": 0.792594219608654
    },
    "mean_latency_ms": {
      "mean": 2.0,
      "std": 0.0,
      "ci_95_lower": 2.0,
      "ci_95_upper": 2.0
    },
    "p95_latency_ms": {
      "mean": 2.0,
      "std": 0.0,
      "ci_95_lower": 2.0,
      "ci_95_upper": 2.0
    },
    "mean_k_total": {
      "mean": 2.0,
      "std": 0.0,
      "ci_95_lower": 2.0,
      "ci_95_upper": 2.0
    },
    "mean_energy": {
      "mean": 0.9740310000000001,
      "std": 0.05361352289650197,
      "ci_95_lower": 0.9633929139038663,
      "ci_95_upper": 0.9846690860961339
    },
    "frac_rf": {
      "mean": 0.09012,
      "std": 0.029346512191021572,
      "ci_95_lower": 0.08429701530429189,
      "ci_95_upper": 0.09594298469570813
    },
    "frac_vlc": {
      "mean": 0.55579,
      "std": 0.05239887711804827,
      "ci_95_lower": 0.5453929259782349,
      "ci_95_upper": 0.5661870740217652
    },
    "frac_dup": {
      "mean": 0.35409,
      "std": 0.03670936769773727,
      "ci_95_lower": 0.3468060650334985,
      "ci_95_upper": 0.36137393496650155
    },
    "num_switches": {
      "mean": 218.32,
      "std": 18.37866571694892,
      "ci_95_lower": 214.67327399383183,
      "ci_95_upper": 221.96672600616816
    }
  },
  "best_link": {
    "timely_delivery_ratio": {
      "mean": 0.75202,
      "std": 0.02273917991112045,
      "ci_95_lower": 0.7475080533756949,
      "ci_95_upper": 0.7565319466243051
    },
    "mean_latency_ms": {
      "mean": 2.0,
      "std": 0.0,
      "ci_95_lower": 2.0,
      "ci_95_upper": 2.0
    },
    "p95_latency_ms": {
      "mean": 2.0,
      "std": 0.0,
      "ci_95_lower": 2.0,
      "ci_95_upper": 2.0
    },
    "mean_k_total": {
      "mean": 2.0,
      "std": 0.0,
      "ci_95_lower": 2.0,
      "ci_95_upper": 2.0
    },
    "mean_energy": {
      "mean": 0.7243759999999999,
      "std": 0.0360379853471138,
      "ci_95_lower": 0.7172252818576035,
      "ci_95_upper": 0.7315267181423963
    },
    "frac_rf": {
      "mean": 0.08884,
      "std": 0.025741418105081276,
      "ci_95_lower": 0.08373234418400252,
      "ci_95_upper": 0.09394765581599748
    },
    "frac_vlc": {
      "mean": 0.9111600000000002,
      "std": 0.025741418105081276,
      "ci_95_lower": 0.9060523441840027,
      "ci_95_upper": 0.9162676558159977
    },
    "frac_dup": {
      "mean": 0.0,
      "std": 0.0,
      "ci_95_lower": 0.0,
      "ci_95_upper": 0.0
    },
    "num_switches": {
      "mean": 51.04,
      "std": 11.2724926661804,
      "ci_95_lower": 48.80329289660075,
      "ci_95_upper": 53.27670710339925
    }
  },
  "conditional_dup_balanced": {
    "timely_delivery_ratio": {
      "mean": 0.7311499999999999,
      "std": 0.0223210617574478,
      "ci_95_lower": 0.7267210170885199,
      "ci_95_upper": 0.7355789829114798
    },
    "mean_latency_ms": {
      "mean": 2.0,
      "std": 0.0,
      "ci_95_lower": 2.0,
      "ci_95_upper": 2.0
    },