{
  "rf_only": {
    "timely_delivery_ratio": {
      "mean": 0.4873900000000001,
      "std": 0.029926473871537865,
      "ci_95_lower": 0.4814519383245214,
      "ci_95_upper": 0.4933280616754788
    },
    "mean_latency_ms": {
      "mean": 2.0,
      "std": 0.0,
      "ci_95_lower": 2.0,
      "ci_95_upper": 2.0
    },
    "p95_latency_ms": {
      "mean": 2.0,
      "std": 0.0,
      "ci_95_lower": 2.0,
      "ci_95_upper": 2.0
    },
    "mean_k_total": {
      "mean": 2.0,
      "std": 0.0,
      "ci_95_lower": 2.0,
      "ci_95_upper": 2.0
    },
    "mean_energy": {
      "mean": 2.0,
      "std": 0.0,
      "ci_95_lower": 2.0,
      "ci_95_upper": 2.0
    },
    "frac_rf": {
      "mean": 1.0,
      "std": 0.0,
      "ci_95_lower": 1.0,
      "ci_95_upper": 1.0
    },
    "frac_vlc": {
      "mean": 0.0,
      "std": 0.0,
      "ci_95_lower": 0.0,
      "ci_95_upper": 0.0
    },
    "frac_dup": {
      "mean": 0.0,
      "std": 0.0,
      "ci_95_lower": 0.0,
      "ci_95_upper": 0.0
    },
    "num_switches": {
      "mean": 0.0,
      "std": 0.0,
      "ci_95_lower": 0.0,
      "ci_95_upper": 0.0
    }
  },
  "vlc_only": {
    "timely_delivery_ratio": {
      "mean": 0.7392599999999999,
      "std": 0.028273419719345296,
      "ci_95_lower": 0.7336499401315755,
      "ci_95_upper": 0.7448700598684244
    },
    "mean_latency_ms": {
      "mean": 2.0,
      "std": 0.0,
      "ci_95_lower": 2.0,
      "ci_95_upper": 2.0
    },
    "p95_latency_ms": {
      "mean": 2.0,
      "std": 0.0,
      "ci_95_lower": 2.0,
      "ci_95_upper": 2.0
    },
    "mean_k_total": {
      "mean": 2.0,
      "std": 0.0,
      "ci_95_lower": 2.0,
      "ci_95_upper": 2.0
    },
    "mean_energy": {
      "mean": 0.5999999999999998,
      "std": 0.0,
      "ci_95_lower": 0.5999999999999998,
      "ci_95_upper": 0.5999999999999998
    },
    "frac_rf": {
      "mean": 0.0,
      "std": 0.0,
      "ci_95_lower": 0.0,
      "ci_95_upper": 0.0
    },
    "frac_vlc": {
      "mean": 1.0,
      "std": 0.0,
      "ci_95_lower": 1.0,
      "ci_95_upper": 1.0
    },
    "frac_dup": {
      "mean": 0.0,
      "std": 0.0,
      "ci_95_lower": 0.0,
      "ci_95_upper": 0.0
    },
    "num_switches": {
      "mean": 0.0,
      "std": 0.0,
      "ci_95_lower": 0.0,
      "ci_95_upper": 0.0
    }
  },
  "always_dup": {
    "timely_delivery_ratio": {
      "mean": 0.7382900000000002,
      "std": 0.023825669460741834,
      "ci_95_lower": 0.7335624702774955,
      "ci_95_upper": 0.7430175297225049
    },
    "mean_latency_ms": {
      "mean": 2.0,
      "std": 0.0,
      "ci_95_lower": 2.0,
      "ci_95_upper": 2.0
    },
    "p95_latency_ms": {
      "mean": 2.0,
      "std": 0.0,
      "ci_95_lower": 2.0,
      "ci_95_upper": 2.0
    },
    "mean_k_total": {
      "mean": 2.0,
      "std": 0.0,
      "ci_95_lower": 2.0,
      "ci_95_upper": 2.0
    },
    "mean_energy": {
      "mean": 1.3000000000000005,
      "std": 0.0,
      "ci_95_lower": 1.3000000000000005,
      "ci_95_upper": 1.3000000000000005
    },
    "frac_rf": {
      "mean": 0.0,
      "std": 0.0,
      "ci_95_lower": 0.0,
      "ci_95_upper": 0.0
    },
    "frac_vlc": {
      "mean": 0.0,
      "std": 0.0,
      "ci_95_lower": 0.0,
      "ci_95_upper": 0.0
    },
    "frac_dup": {
      "mean": 1.0,
      "std": 0.0,
      "ci_95_lower": 1.0,
      "ci_95_upper": 1.0
    },
    "num_switches": {
      "mean": 0.0,
      "std": 0.0,
      "ci_95_lower": 0.0,
      "ci_95_upper": 0.0
    }
  },
  "oracle": {
    "timely_delivery_ratio": {
      "mean": 0.82023,
      "std": 0.020874253146985728,
      "ci_95_lower": 0.8160880953055668,
      "ci_95_upper": 0.8243719046944332
    },
    "mean_latency_ms": {
      "mean": 2.0,
      "std": 0.0,
      "ci_95_lower": 2.0,
      "ci_95_upper": 2.0
    },
    "p95_latency_ms": {
      "mean": 2.0,
      "std": 0.0,
      "ci_95_lower": 2.0,
      "ci_95_upper": 2.0
    },
    "mean_k_total": {
      "mean": 2.0,
      "std": 0.0,
      "ci_95_lower": 2.0,
      "ci_95_upper": 2.0
    },
    "mean_energy": {
      "mean": 0.9039749999999996,
      "std": 0.041187659657727686,
      "ci_95_lower": 0.8958024747514163,
      "ci_95_upper": 0.912147525248583
    },
    "frac_rf": {
      "mean": 0.20209999999999997,
      "std": 0.028227610238877463,
      "ci_95_lower": 0.1964990297263439,
      "ci_95_upper": 0.20770097027365605
    },
    "frac_vlc": {
      "mean": 0.7678500000000001,
      "std": 0.03139625371719926,
      "ci_95_lower": 0.7616203021160467,
      "ci_95_upper": 0.7740796978839536
    },
    "frac_dup": {
      "mean": 0.030050000000000004,
      "std": 0.010146776370210922,
      "ci_95_lower": 0.028036659432305978,
      "ci_95_upper": 0.032063340567694026
    },
    "num_switches": {
      "mean": 147.44,
      "std": 19.363257927728938,
      "ci_95_lower": 143.59790953833652,
      "ci_95_upper": 151.28209046166347
    }
  },
  "threshold": {
    "timely_delivery_ratio": {
      "mean": 0.77036,
      "std": 0.026562873764452957,
      "ci_95_lower": 0.7650893495595787,
      "ci_95_upper": 0.7756306504404213
    },
    "mean_latency_ms": {
      "mean": 2.0,
      "std": 0.0,
      "ci_95_lower": 2.0,
      "ci_95_upper": 2.0
    },
    "p95_latency_ms": {
      "mean": 2.0,
      "std": 0.0,
      "ci_95_lower": 2.0,
      "ci_95_upper": 2.0
    },
    "mean_k_total": {
      "mean": 2.0,
      "std": 0.0,
      "ci_95_lower": 2.0,
      "ci_95_upper": 2.0
    },
    "mean_energy": {
      "mean": 0.920229,
      "std": 0.03308332087626666,
      "ci_95_lower": 0.9136645513905111,
      "ci_95_upper": 0.9267934486094889
    },
    "frac_rf": {
      "mean": 0.00436,
      "std": 0.006338148090106543,
      "ci_95_lower": 0.003102373911843822,
      "ci_95_upper": 0.005617626088156178
    },
    "frac_vlc": {
      "mean": 0.54689,
      "std": 0.04651379615042436,
      "ci_95_lower": 0.5376606537199309,
      "ci_95_upper": 0.5561193462800691
    },
    "frac_dup": {
      "mean": 0.4487499999999999,
      "std": 0.04662322111860942,
      "ci_95_lower": 0.4394989414322517,
      "ci_95_upper": 0.45800105856774814
    },
    "num_switches": {
      "mean": 178.67,
      "std": 17.980941088392523,
      "ci_95_lower": 175.10219118883325,
      "ci_95_upper": 182.23780881116673
    }
  },
  "best_link": {
    "timely_delivery_ratio": {
      "mean": 0.74507,
      "std": 0.02281247886397251,
      "ci_95_lower": 0.7405435092732172,
      "ci_95_upper": 0.7495964907267828
    },
    "mean_latency_ms": {
      "mean": 2.0,
      "std": 0.0,
      "ci_95_lower": 2.0,
      "ci_95_upper": 2.0
    },
    "p95_latency_ms": {
      "mean": 2.0,
      "std": 0.0,
      "ci_95_lower": 2.0,
      "ci_95_upper": 2.0
    },
    "mean_k_total": {
      "mean": 2.0,
      "std": 0.0,
      "ci_95_lower": 2.0,
      "ci_95_upper": 2.0
    },
    "mean_energy": {
      "mean": 0.7814539999999996,
      "std": 0.04342890956331491,
      "ci_95_lower": 0.7728367621458929,
      "ci_95_upper": 0.7900712378541064
    },
    "frac_rf": {
      "mean": 0.12960999999999998,
      "std": 0.03102064968808208,
      "ci_95_lower": 0.12345483010420948,
      "ci_95_upper": 0.13576516989579046
    },
    "frac_vlc": {
      "mean": 0.8703900000000001,
      "std": 0.031020649688082103,
      "ci_95_lower": 0.8642348301042097,
      "ci_95_upper": 0.8765451698957906
    },
    "frac_dup": {
      "mean": 0.0,
      "std": 0.0,
      "ci_95_lower": 0.0,
      "ci_95_upper": 0.0
    },
    "num_switches": {
      "mean": 47.05,
      "std": 10.516341300254304,
      "ci_95_lower": 44.96332973241845,
      "ci_95_upper": 49.13667026758154
    }
  },
  "conditional_dup_balanced": {
    "timely_delivery_ratio": {
      "mean": 0.7323799999999998,
      "std": 0.023083414834119347,
      "ci_95_lower": 0.7277997496987432,
      "ci_95_upper": 0.7369602503012564
    },
    "mean_latency_ms": {
      "mean": 2.0,
      "std": 0.0,
      "ci_95_lower": 2.0,