{
  "rf_only": {
    "timely_delivery_ratio": {
      "mean": 0.45549999999999996,
      "std": 0.061257652583167135,
      "ci_95_lower": 0.4116789151799969,
      "ci_95_upper": 0.49932108482000304
    },
    "mean_latency_ms": {
      "mean": 2.0,
      "std": 0.0,
      "ci_95_lower": 2.0,
      "ci_95_upper": 2.0
    },
    "p95_latency_ms": {
      "mean": 2.0,
      "std": 0.0,
      "ci_95_lower": 2.0,
      "ci_95_upper": 2.0
    },
    "mean_k_total": {
      "mean": 2.0,
      "std": 0.0,
      "ci_95_lower": 2.0,
      "ci_95_upper": 2.0
    },
    "mean_energy": {
      "mean": 2.0,
      "std": 0.0,
      "ci_95_lower": 2.0,
      "ci_95_upper": 2.0
    },
    "frac_rf": {
      "mean": 1.0,
      "std": 0.0,
      "ci_95_lower": 1.0,
      "ci_95_upper": 1.0
    },
    "frac_vlc": {
      "mean": 0.0,
      "std": 0.0,
      "ci_95_lower": 0.0,
      "ci_95_upper": 0.0
    },
    "frac_dup": {
      "mean": 0.0,
      "std": 0.0,
      "ci_95_lower": 0.0,
      "ci_95_upper": 0.0
    },
    "num_switches": {
      "mean": 0.0,
      "std": 0.0,
      "ci_95_lower": 0.0,
      "ci_95_upper": 0.0
    }
  },
  "vlc_only": {
    "timely_delivery_ratio": {
      "mean": 0.7969999999999999,
      "std": 0.07211872926716825,
      "ci_95_lower": 0.7454093689676278,
      "ci_95_upper": 0.8485906310323721
    },
    "mean_latency_ms": {
      "mean": 2.0,
      "std": 0.0,
      "ci_95_lower": 2.0,
      "ci_95_upper": 2.0
    },
    "p95_latency_ms": {
      "mean": 2.0,
      "std": 0.0,
      "ci_95_lower": 2.0,
      "ci_95_upper": 2.0
    },
    "mean_k_total": {
      "mean": 2.0,
      "std": 0.0,
      "ci_95_lower": 2.0,
      "ci_95_upper": 2.0
    },
    "mean_energy": {
      "mean": 0.5999999999999999,
      "std": 0.0,
      "ci_95_lower": 0.5999999999999999,
      "ci_95_upper": 0.5999999999999999
    },
    "frac_rf": {
      "mean": 0.0,
      "std": 0.0,
      "ci_95_lower": 0.0,
      "ci_95_upper": 0.0
    },
    "frac_vlc": {
      "mean": 1.0,
      "std": 0.0,
      "ci_95_lower": 1.0,
      "ci_95_upper": 1.0
    },
    "frac_dup": {
      "mean": 0.0,
      "std": 0.0,
      "ci_95_lower": 0.0,
      "ci_95_upper": 0.0
    },
    "num_switches": {
      "mean": 0.0,
      "std": 0.0,
      "ci_95_lower": 0.0,
      "ci_95_upper": 0.0
    }
  },
  "always_dup": {
    "timely_delivery_ratio": {
      "mean": 0.7355,
      "std": 0.050080490767918345,
      "ci_95_lower": 0.6996745750738843,
      "ci_95_upper": 0.7713254249261158
    },
    "mean_latency_ms": {
      "mean": 2.0,
      "std": 0.0,
      "ci_95_lower": 2.0,
      "ci_95_upper": 2.0
    },
    "p95_latency_ms": {
      "mean": 2.0,
      "std": 0.0,
      "ci_95_lower": 2.0,
      "ci_95_upper": 2.0
    },
    "mean_k_total": {
      "mean": 2.0,
      "std": 0.0,
      "ci_95_lower": 2.0,
      "ci_95_upper": 2.0
    },
    "mean_energy": {
      "mean": 1.3000000000000003,
      "std": 0.0,
      "ci_95_lower": 1.3000000000000003,
      "ci_95_upper": 1.3000000000000003
    },
    "frac_rf": {
      "mean": 0.0,
      "std": 0.0,
      "ci_95_lower": 0.0,
      "ci_95_upper": 0.0
    },
    "frac_vlc": {
      "mean": 0.0,
      "std": 0.0,
      "ci_95_lower": 0.0,
      "ci_95_upper": 0.0
    },
    "frac_dup": {
      "mean": 1.0,
      "std": 0.0,
      "ci_95_lower": 1.0,
      "ci_95_upper": 1.0
    },
    "num_switches": {
      "mean": 0.0,
      "std": 0.0,
      "ci_95_lower": 0.0,
      "ci_95_upper": 0.0
    }
  },
  "oracle": {
    "timely_delivery_ratio": {
      "mean": 0.8104999999999999,
      "std": 0.04645487655301169,
      "ci_95_lower": 0.7772681832409671,
      "ci_95_upper": 0.8437318167590326
    },
    "mean_latency_ms": {
      "mean": 2.0,
      "std": 0.0,
      "ci_95_lower": 2.0,
      "ci_95_upper": 2.0
    },
    "p95_latency_ms": {
      "mean": 2.0,
      "std": 0.0,
      "ci_95_lower": 2.0,
      "ci_95_upper": 2.0
    },
    "mean_k_total": {
      "mean": 2.0,
      "std": 0.0,
      "ci_95_lower": 2.0,
      "ci_95_upper": 2.0
    },
    "mean_energy": {
      "mean": 0.8687999999999999,
      "std": 0.060302109784355344,
      "ci_95_lower": 0.8256624693200942,
      "ci_95_upper": 0.9119375306799056
    },
    "frac_rf": {
      "mean": 0.17450000000000002,
      "std": 0.03361960406931911,
      "ci_95_lower": 0.15044998405241888,
      "ci_95_upper": 0.19855001594758115
    },
    "frac_vlc": {
      "mean": 0.7905,
      "std": 0.05524943438624508,
      "ci_95_lower": 0.7509769355598499,
      "ci_95_upper": 0.8300230644401501
    },
    "frac_dup": {
      "mean": 0.034999999999999996,
      "std": 0.03073181485764296,
      "ci_95_lower": 0.013015784008030037,
      "ci_95_upper": 0.056984215991969955
    },
    "num_switches": {
      "mean": 27.2,
      "std": 7.7430972843917925,
      "ci_95_lower": 21.66092188387077,
      "ci_95_upper": 32.73907811612923
    }
  },
  "threshold": {
    "timely_delivery_ratio": {
      "mean": 0.7625,
      "std": 0.049117206760971255,
      "ci_95_lower": 0.727363666940682,
      "ci_95_upper": 0.7976363330593179
    },
    "mean_latency_ms": {
      "mean": 2.0,
      "std": 0.0,
      "ci_95_lower": 2.0,
      "ci_95_upper": 2.0
    },
    "p95_latency_ms": {
      "mean": 2.0,
      "std": 0.0,
      "ci_95_lower": 2.0,
      "ci_95_upper": 2.0
    },
    "mean_k_total": {
      "mean": 2.0,
      "std": 0.0,
      "ci_95_lower": 2.0,
      "ci_95_upper": 2.0
    },
    "mean_energy": {
      "mean": 0.9493,
      "std": 0.07197113618975634,
      "ci_95_lower": 0.8978149506948305,
      "ci_95_upper": 1.0007850493051695
    },
    "frac_rf": {
      "mean": 0.005,
      "std": 0.011055415967851335,
      "ci_95_lower": -0.0029085681611762176,
      "ci_95_upper": 0.012908568161176217
    },
    "frac_vlc": {
      "mean": 0.506,
      "std": 0.09915756260730808,
      "ci_95_lower": 0.435066952807891,
      "ci_95_upper": 0.576933047192109
    },
    "frac_dup": {
      "mean": 0.48900000000000005,
      "std": 0.09663217775553738,
      "ci_95_lower": 0.4198735043018835,
      "ci_95_upper": 0.5581264956981166
    },
    "num_switches": {
      "mean": 39.7,
      "std": 8.969702088450628,
      "ci_95_lower": 33.28346166636881,
      "ci_95_upper": 46.1165383336312
    }
  },
  "best_link": {
    "timely_delivery_ratio": {
      "mean": 0.76,
      "std": 0.04666666666666666,
      "ci_95_lower": 0.7266166777205442,
      "ci_95_upper": 0.7933833222794558
    },
    "mean_latency_ms": {
      "mean": 2.0,
      "std": 0.0,
      "ci_95_lower": 2.0,
      "ci_95_upper": 2.0
    },
    "p95_latency_ms": {
      "mean": 2.0,
      "std": 0.0,
      "ci_95_lower": 2.0,
      "ci_95_upper": 2.0
    },
    "mean_k_total": {
      "mean": 2.0,
      "std": 0.0,
      "ci_95_lower": 2.0,
      "ci_95_upper": 2.0
    },
    "mean_energy": {
      "mean": 0.8023,
      "std": 0.09069736000078014,
      "ci_95_lower": 0.7374190171685313,
      "ci_95_upper": 0.8671809828314687
    },
    "frac_rf": {
      "mean": 0.14450000000000002,
      "std": 0.06478382857198581,
      "ci_95_lower": 0.09815644083466524,
      "ci_95_upper": 0.1908435591653348
    },
    "frac_vlc": {
      "mean": 0.8554999999999999,
      "std": 0.06478382857198581,
      "ci_95_lower": 0.8091564408346652,
      "ci_95_upper": 0.9018435591653347
    },
    "frac_dup": {
      "mean": 0.0,
      "std": 0.0,
      "ci_95_lower": 0.0,
      "ci_95_upper": 0.0
    },
    "num_switches": {
      "mean": 9.8,
      "std": 3.6147844564602556,
      "ci_95_lower": 7.214138975411849,
      "ci_95_upper": 12.385861024588152
    }
  },
  "conditional_dup_conservative": {
    "timely_delivery_ratio": {
      "mean": 0.7135,
      "std": 0.06671040232061097,
      "ci_95_lower": 0.6657782529986904,
      "ci_95_upper": 0.7612217470013096
    },
    "mean_latency_ms": {
      "mean": 2.0,
      "std": 0.0,
      "ci_95_lower": 2.0,
      "ci_95_upper": 2.0
    },
    "p95_latency_ms": {
      "mean": 2.0,