{
  "rf_only": {
    "timely_delivery_ratio": {
      "mean": 0.4901,
      "std": 0.031187766314322164,
      "ci_95_lower": 0.48391167053994305,
      "ci_95_upper": 0.4962883294600569
    },
    "mean_latency_ms": {
      "mean": 2.0,
      "std": 0.0,
      "ci_95_lower": 2.0,
      "ci_95_upper": 2.0
    },
    "p95_latency_ms": {
      "mean": 2.0,
      "std": 0.0,
      "ci_95_lower": 2.0,
      "ci_95_upper": 2.0
    },
    "mean_k_total": {
      "mean": 2.0,
      "std": 0.0,
      "ci_95_lower": 2.0,
      "ci_95_upper": 2.0
    },
    "mean_energy": {
      "mean": 2.0,
      "std": 0.0,
      "ci_95_lower": 2.0,
      "ci_95_upper": 2.0
    },
    "frac_rf": {
      "mean": 1.0,
      "std": 0.0,
      "ci_95_lower": 1.0,
      "ci_95_upper": 1.0
    },
    "frac_vlc": {
      "mean": 0.0,
      "std": 0.0,
      "ci_95_lower": 0.0,
      "ci_95_upper": 0.0
    },
    "frac_dup": {
      "mean": 0.0,
      "std": 0.0,
      "ci_95_lower": 0.0,
      "ci_95_upper": 0.0
    },
    "num_switches": {
      "mean": 0.0,
      "std": 0.0,
      "ci_95_lower": 0.0,
      "ci_95_upper": 0.0
    }
  },
  "vlc_only": {
    "timely_delivery_ratio": {
      "mean": 0.64641,
      "std": 0.02659273653394169,
      "ci_95_lower": 0.6411334241382349,
      "ci_95_upper": 0.6516865758617651
    },
    "mean_latency_ms": {
      "mean": 2.0,
      "std": 0.0,
      "ci_95_lower": 2.0,
      "ci_95_upper": 2.0
    },
    "p95_latency_ms": {
      "mean": 2.0,
      "std": 0.0,
      "ci_95_lower": 2.0,
      "ci_95_upper": 2.0
    },
    "mean_k_total": {
      "mean": 2.0,
      "std": 0.0,
      "ci_95_lower": 2.0,
      "ci_95_upper": 2.0
    },
    "mean_energy": {
      "mean": 0.5999999999999998,
      "std": 0.0,
      "ci_95_lower": 0.5999999999999998,
      "ci_95_upper": 0.5999999999999998
    },
    "frac_rf": {
      "mean": 0.0,
      "std": 0.0,
      "ci_95_lower": 0.0,
      "ci_95_upper": 0.0
    },
    "frac_vlc": {
      "mean": 1.0,
      "std": 0.0,
      "ci_95_lower": 1.0,
      "ci_95_upper": 1.0
    },
    "frac_dup": {
      "mean": 0.0,
      "std": 0.0,
      "ci_95_lower": 0.0,
      "ci_95_upper": 0.0
    },
    "num_switches": {
      "mean": 0.0,
      "std": 0.0,
      "ci_95_lower": 0.0,
      "ci_95_upper": 0.0
    }
  },
  "always_dup": {
    "timely_delivery_ratio": {
      "mean": 0.6840899999999999,
      "std": 0.02475418340320672,
      "ci_95_lower": 0.6791782329670601,
      "ci_95_upper": 0.6890017670329396
    },
    "mean_latency_ms": {
      "mean": 2.0,
      "std": 0.0,
      "ci_95_lower": 2.0,
      "ci_95_upper": 2.0
    },
    "p95_latency_ms": {
      "mean": 2.0,
      "std": 0.0,
      "ci_95_lower": 2.0,
      "ci_95_upper": 2.0
    },
    "mean_k_total": {
      "mean": 2.0,
      "std": 0.0,
      "ci_95_lower": 2.0,
      "ci_95_upper": 2.0
    },
    "mean_energy": {
      "mean": 1.3000000000000005,
      "std": 0.0,
      "ci_95_lower": 1.3000000000000005,
      "ci_95_upper": 1.3000000000000005
    },
    "frac_rf": {
      "mean": 0.0,
      "std": 0.0,
      "ci_95_lower": 0.0,
      "ci_95_upper": 0.0
    },
    "frac_vlc": {
      "mean": 0.0,
      "std": 0.0,
      "ci_95_lower": 0.0,
      "ci_95_upper": 0.0
    },
    "frac_dup": {
      "mean": 1.0,
      "std": 0.0,
      "ci_95_lower": 1.0,
      "ci_95_upper": 1.0
    },
    "num_switches": {
      "mean": 0.0,
      "std": 0.0,
      "ci_95_lower": 0.0,
      "ci_95_upper": 0.0
    }
  },
  "oracle": {
    "timely_delivery_ratio": {
      "mean": 0.7790300000000001,
      "std": 0.01918145937717941,
      "ci_95_lower": 0.7752239823149126,
      "ci_95_upper": 0.7828360176850876
    },
    "mean_latency_ms": {
      "mean": 2.0,
      "std": 0.0,
      "ci_95_lower": 2.0,
      "ci_95_upper": 2.0
    },
    "p95_latency_ms": {
      "mean": 2.0,
      "std": 0.0,
      "ci_95_lower": 2.0,
      "ci_95_upper": 2.0
    },
    "mean_k_total": {
      "mean": 2.0,
      "std": 0.0,
      "ci_95_lower": 2.0,
      "ci_95_upper": 2.0
    },
    "mean_energy": {
      "mean": 1.0403909999999998,
      "std": 0.040040071077848904,
      "ci_95_lower": 1.0324461812227719,
      "ci_95_upper": 1.0483358187772278
    },
    "frac_rf": {
      "mean": 0.30212000000000006,
      "std": 0.02796111296754545,
      "ci_95_lower": 0.29657190856667476,
      "ci_95_upper": 0.30766809143332535
    },
    "frac_vlc": {
      "mean": 0.67299,
      "std": 0.029693210801069778,
      "ci_95_lower": 0.6670982227783796,
      "ci_95_upper": 0.6788817772216204
    },
    "frac_dup": {
      "mean": 0.024889999999999995,
      "std": 0.007427623843437144,
      "ci_95_lower": 0.02341619828604219,
      "ci_95_upper": 0.026363801713957802
    },
    "num_switches": {
      "mean": 195.12,
      "std": 14.106578449629646,
      "ci_95_lower": 192.32094879124577,
      "ci_95_upper": 197.91905120875424
    }
  },
  "threshold_belief": {
    "timely_delivery_ratio": {
      "mean": 0.62817,
      "std": 0.021208943701403277,
      "ci_95_lower": 0.6239616854384082,
      "ci_95_upper": 0.6323783145615918
    },
    "mean_latency_ms": {
      "mean": 2.0,
      "std": 0.0,
      "ci_95_lower": 2.0,
      "ci_95_upper": 2.0
    },
    "p95_latency_ms": {
      "mean": 2.0,
      "std": 0.0,
      "ci_95_lower": 2.0,
      "ci_95_upper": 2.0
    },
    "mean_k_total": {
      "mean": 2.0,
      "std": 0.0,
      "ci_95_lower": 2.0,
      "ci_95_upper": 2.0
    },
    "mean_energy": {
      "mean": 1.5230480000000002,
      "std": 0.0658441034228241,
      "ci_95_lower": 1.5099831013831544,
      "ci_95_upper": 1.536112898616846
    },
    "frac_rf": {
      "mean": 0.50486,
      "std": 0.05404656054801922,
      "ci_95_lower": 0.494135989838988,
      "ci_95_upper": 0.515584010161012
    },
    "frac_vlc": {
      "mean": 0.18622000000000002,
      "std": 0.04346078692338646,
      "ci_95_lower": 0.177596436986071,
      "ci_95_upper": 0.19484356301392905
    },
    "frac_dup": {
      "mean": 0.30892000000000003,
      "std": 0.027782953861181237,
      "ci_95_lower": 0.3034072591985661,
      "ci_95_upper": 0.31443274080143396
    },
    "num_switches": {
      "mean": 225.13,
      "std": 20.655742469582083,
      "ci_95_lower": 221.03145256458575,
      "ci_95_upper": 229.22854743541424
    }
  },
  "best_link": {
    "timely_delivery_ratio": {
      "mean": 0.6878299999999998,
      "std": 0.024471403636890033,
      "ci_95_lower": 0.682974342607647,
      "ci_95_upper": 0.6926856573923527
    },
    "mean_latency_ms": {
      "mean": 2.0,
      "std": 0.0,
      "ci_95_lower": 2.0,
      "ci_95_upper": 2.0
    },
    "p95_latency_ms": {
      "mean": 2.0,
      "std": 0.0,
      "ci_95_lower": 2.0,
      "ci_95_upper": 2.0
    },
    "mean_k_total": {
      "mean": 2.0,
      "std": 0.0,
      "ci_95_lower": 2.0,
      "ci_95_upper": 2.0
    },
    "mean_energy": {
      "mean": 0.9287480000000001,
      "std": 0.052853665870586486,
      "ci_95_lower": 0.9182606860230208,
      "ci_95_upper": 0.9392353139769795
    },
    "frac_rf": {
      "mean": 0.23482,
      "std": 0.03775261847899033,
      "ci_95_lower": 0.22732906144501475,
      "ci_95_upper": 0.24231093855498526
    },
    "frac_vlc": {
      "mean": 0.7651799999999999,
      "std": 0.037752618478990335,
      "ci_95_lower": 0.7576890614450146,
      "ci_95_upper": 0.7726709385549851
    },
    "frac_dup": {
      "mean": 0.0,
      "std": 0.0,
      "ci_95_lower": 0.0,
      "ci_95_upper": 0.0
    },
    "num_switches": {
      "mean": 164.69,
      "std": 15.793295470489424,
      "ci_95_lower": 161.55626754072696,
      "ci_95_upper": 167.82373245927303
    }
  },
  "conditional_dup_balanced": {
    "timely_delivery_ratio": {
      "mean": 0.67878,
      "std": 0.02481347792770465,
      "ci_95_lower": 0.6738564676469962,
      "ci_95_upper": 0.6837035323530039
    },
    "mean_latency_ms": {
      "mean": 2.0,
      "std": 0.0,
      "ci_95_lower": 2.0,
      "ci_95_upper": 2.0
    },