{
  "rf_only": {
    "timely_delivery_ratio": {
      "mean": 0.48963999999999996,
      "std": 0.02756059256667503,
      "ci_95_lower": 0.4841713805035579,
      "ci_95_upper": 0.495108619496442
    },
    "mean_latency_ms": {
      "mean": 2.0,
      "std": 0.0,
      "ci_95_lower": 2.0,
      "ci_95_upper": 2.0
    },
    "p95_latency_ms": {
      "mean": 2.0,
      "std": 0.0,
      "ci_95_lower": 2.0,
      "ci_95_upper": 2.0
    },
    "mean_k_total": {
      "mean": 2.0,
      "std": 0.0,
      "ci_95_lower": 2.0,
      "ci_95_upper": 2.0
    },
    "mean_energy": {
      "mean": 2.0,
      "std": 0.0,
      "ci_95_lower": 2.0,
      "ci_95_upper": 2.0
    },
    "frac_rf": {
      "mean": 1.0,
      "std": 0.0,
      "ci_95_lower": 1.0,
      "ci_95_upper": 1.0
    },
    "frac_vlc": {
      "mean": 0.0,
      "std": 0.0,
      "ci_95_lower": 0.0,
      "ci_95_upper": 0.0
    },
    "frac_dup": {
      "mean": 0.0,
      "std": 0.0,
      "ci_95_lower": 0.0,
      "ci_95_upper": 0.0
    },
    "num_switches": {
      "mean": 0.0,
      "std": 0.0,
      "ci_95_lower": 0.0,
      "ci_95_upper": 0.0
    }
  },
  "vlc_only": {
    "timely_delivery_ratio": {
      "mean": 0.73874,
      "std": 0.02937896588315588,
      "ci_95_lower": 0.7329105757876846,
      "ci_95_upper": 0.7445694242123153
    },
    "mean_latency_ms": {
      "mean": 2.0,
      "std": 0.0,
      "ci_95_lower": 2.0,
      "ci_95_upper": 2.0
    },
    "p95_latency_ms": {
      "mean": 2.0,
      "std": 0.0,
      "ci_95_lower": 2.0,
      "ci_95_upper": 2.0
    },
    "mean_k_total": {
      "mean": 2.0,
      "std": 0.0,
      "ci_95_lower": 2.0,
      "ci_95_upper": 2.0
    },
    "mean_energy": {
      "mean": 0.5999999999999998,
      "std": 0.0,
      "ci_95_lower": 0.5999999999999998,
      "ci_95_upper": 0.5999999999999998
    },
    "frac_rf": {
      "mean": 0.0,
      "std": 0.0,
      "ci_95_lower": 0.0,
      "ci_95_upper": 0.0
    },
    "frac_vlc": {
      "mean": 1.0,
      "std": 0.0,
      "ci_95_lower": 1.0,
      "ci_95_upper": 1.0
    },
    "frac_dup": {
      "mean": 0.0,
      "std": 0.0,
      "ci_95_lower": 0.0,
      "ci_95_upper": 0.0
    },
    "num_switches": {
      "mean": 0.0,
      "std": 0.0,
      "ci_95_lower": 0.0,
      "ci_95_upper": 0.0
    }
  },
  "always_dup": {
    "timely_delivery_ratio": {
      "mean": 0.7387499999999999,
      "std": 0.02461681079541731,
      "ci_95_lower": 0.733865490672765,
      "ci_95_upper": 0.7436345093272348
    },
    "mean_latency_ms": {
      "mean": 2.0,
      "std": 0.0,
      "ci_95_lower": 2.0,
      "ci_95_upper": 2.0
    },
    "p95_latency_ms": {
      "mean": 2.0,
      "std": 0.0,
      "ci_95_lower": 2.0,
      "ci_95_upper": 2.0
    },
    "mean_k_total": {
      "mean": 2.0,
      "std": 0.0,
      "ci_95_lower": 2.0,
      "ci_95_upper": 2.0
    },
    "mean_energy": {
      "mean": 1.3000000000000005,
      "std": 0.0,
      "ci_95_lower": 1.3000000000000005,
      "ci_95_upper": 1.3000000000000005
    },
    "frac_rf": {
      "mean": 0.0,
      "std": 0.0,
      "ci_95_lower": 0.0,
      "ci_95_upper": 0.0
    },
    "frac_vlc": {
      "mean": 0.0,
      "std": 0.0,
      "ci_95_lower": 0.0,
      "ci_95_upper": 0.0
    },
    "frac_dup": {
      "mean": 1.0,
      "std": 0.0,
      "ci_95_lower": 1.0,
      "ci_95_upper": 1.0
    },
    "num_switches": {
      "mean": 0.0,
      "std": 0.0,
      "ci_95_lower": 0.0,
      "ci_95_upper": 0.0
    }
  },
  "oracle": {
    "timely_delivery_ratio": {
      "mean": 0.8166800000000001,
      "std": 0.018599380895528986,
      "ci_95_lower": 0.8129894793139525,
      "ci_95_upper": 0.8203705206860477
    },
    "mean_latency_ms": {
      "mean": 2.0,
      "std": 0.0,
      "ci_95_lower": 2.0,
      "ci_95_upper": 2.0
    },
    "p95_latency_ms": {
      "mean": 2.0,
      "std": 0.0,
      "ci_95_lower": 2.0,
      "ci_95_upper": 2.0
    },
    "mean_k_total": {
      "mean": 2.0,
      "std": 0.0,
      "ci_95_lower": 2.0,
      "ci_95_upper": 2.0
    },
    "mean_energy": {
      "mean": 0.9039749999999996,
      "std": 0.041187659657727686,
      "ci_95_lower": 0.8958024747514163,
      "ci_95_upper": 0.912147525248583
    },
    "frac_rf": {
      "mean": 0.20209999999999997,
      "std": 0.028227610238877463,
      "ci_95_lower": 0.1964990297263439,
      "ci_95_upper": 0.20770097027365605
    },
    "frac_vlc": {
      "mean": 0.7678500000000001,
      "std": 0.03139625371719926,
      "ci_95_lower": 0.7616203021160467,
      "ci_95_upper": 0.7740796978839536
    },
    "frac_dup": {
      "mean": 0.030050000000000004,
      "std": 0.010146776370210922,
      "ci_95_lower": 0.028036659432305978,
      "ci_95_upper": 0.032063340567694026
    },
    "num_switches": {
      "mean": 147.44,
      "std": 19.363257927728938,
      "ci_95_lower": 143.59790953833652,
      "ci_95_upper": 151.28209046166347
    }
  },
  "threshold": {
    "timely_delivery_ratio": {
      "mean": 0.7719300000000001,
      "std": 0.02399084631835041,
      "ci_95_lower": 0.767169695605409,
      "ci_95_upper": 0.7766903043945912
    },
    "mean_latency_ms": {
      "mean": 2.0,
      "std": 0.0,
      "ci_95_lower": 2.0,
      "ci_95_upper": 2.0
    },
    "p95_latency_ms": {
      "mean": 2.0,
      "std": 0.0,
      "ci_95_lower": 2.0,
      "ci_95_upper": 2.0
    },
    "mean_k_total": {
      "mean": 2.0,
      "std": 0.0,
      "ci_95_lower": 2.0,
      "ci_95_upper": 2.0
    },
    "mean_energy": {
      "mean": 0.920229,
      "std": 0.03308332087626666,
      "ci_95_lower": 0.9136645513905111,
      "ci_95_upper": 0.9267934486094889
    },
    "frac_rf": {
      "mean": 0.00436,
      "std": 0.006338148090106543,
      "ci_95_lower": 0.003102373911843822,
      "ci_95_upper": 0.005617626088156178
    },
    "frac_vlc": {
      "mean": 0.54689,
      "std": 0.04651379615042436,
      "ci_95_lower": 0.5376606537199309,
      "ci_95_upper": 0.5561193462800691
    },
    "frac_dup": {
      "mean": 0.4487499999999999,
      "std": 0.04662322111860942,
      "ci_95_lower": 0.4394989414322517,
      "ci_95_upper": 0.45800105856774814
    },
    "num_switches": {
      "mean": 178.67,
      "std": 17.980941088392523,
      "ci_95_lower": 175.10219118883325,
      "ci_95_upper": 182.23780881116673
    }
  },
  "best_link": {
    "timely_delivery_ratio": {
      "mean": 0.7461600000000002,
      "std": 0.026631309893932517,
      "ci_95_lower": 0.740875770346758,
      "ci_95_upper": 0.7514442296532423
    },
    "mean_latency_ms": {
      "mean": 2.0,
      "std": 0.0,
      "ci_95_lower": 2.0,
      "ci_95_upper": 2.0
    },
    "p95_latency_ms": {
      "mean": 2.0,
      "std": 0.0,
      "ci_95_lower": 2.0,
      "ci_95_upper": 2.0
    },
    "mean_k_total": {
      "mean": 2.0,
      "std": 0.0,
      "ci_95_lower": 2.0,
      "ci_95_upper": 2.0
    },
    "mean_energy": {
      "mean": 0.7230599999999998,
      "std": 0.045466973250543705,
      "ci_95_lower": 0.7140383660942478,
      "ci_95_upper": 0.7320816339057519
    },
    "frac_rf": {
      "mean": 0.08789999999999998,
      "std": 0.03247640946467407,
      "ci_95_lower": 0.08145597578160564,
      "ci_95_upper": 0.09434402421839432
    },
    "frac_vlc": {
      "mean": 0.9121000000000001,
      "std": 0.03247640946467407,
      "ci_95_lower": 0.9056559757816058,
      "ci_95_upper": 0.9185440242183944
    },
    "frac_dup": {
      "mean": 0.0,
      "std": 0.0,
      "ci_95_lower": 0.0,
      "ci_95_upper": 0.0
    },
    "num_switches": {
      "mean": 38.23,
      "std": 11.342113354817759,
      "ci_95_lower": 35.97947864154376,
      "ci_95_upper": 40.48052135845624
    }
  },
  "conditional_dup_balanced": {
    "timely_delivery_ratio": {
      "mean": 0.7347199999999999,
      "std": 0.020830280988517812,
      "ci_95_lower": 0.7305868203357894,
      "ci_95_upper": 0.7388531796642105
    },
    "mean_latency_ms": {
      "mean": 2.0,
      "std": 0.0,
      "ci_95_lower": 2.0,