{
  "rf_only": {
    "timely_delivery_ratio": {
      "mean": 0.48934999999999995,
      "std": 0.028951500719986766,
      "ci_95_lower": 0.4836053941499786,
      "ci_95_upper": 0.4950946058500213
    },
    "mean_latency_ms": {
      "mean": 2.0,
      "std": 0.0,
      "ci_95_lower": 2.0,
      "ci_95_upper": 2.0
    },
    "p95_latency_ms": {
      "mean": 2.0,
      "std": 0.0,
      "ci_95_lower": 2.0,
      "ci_95_upper": 2.0
    },
    "mean_k_total": {
      "mean": 2.0,
      "std": 0.0,
      "ci_95_lower": 2.0,
      "ci_95_upper": 2.0
    },
    "mean_energy": {
      "mean": 2.0,
      "std": 0.0,
      "ci_95_lower": 2.0,
      "ci_95_upper": 2.0
    },
    "frac_rf": {
      "mean": 1.0,
      "std": 0.0,
      "ci_95_lower": 1.0,
      "ci_95_upper": 1.0
    },
    "frac_vlc": {
      "mean": 0.0,
      "std": 0.0,
      "ci_95_lower": 0.0,
      "ci_95_upper": 0.0
    },
    "frac_dup": {
      "mean": 0.0,
      "std": 0.0,
      "ci_95_lower": 0.0,
      "ci_95_upper": 0.0
    },
    "num_switches": {
      "mean": 0.0,
      "std": 0.0,
      "ci_95_lower": 0.0,
      "ci_95_upper": 0.0
    }
  },
  "vlc_only": {
    "timely_delivery_ratio": {
      "mean": 0.73863,
      "std": 0.029349050541316805,
      "ci_95_lower": 0.7328065116405235,
      "ci_95_upper": 0.7444534883594766
    },
    "mean_latency_ms": {
      "mean": 2.0,
      "std": 0.0,
      "ci_95_lower": 2.0,
      "ci_95_upper": 2.0
    },
    "p95_latency_ms": {
      "mean": 2.0,
      "std": 0.0,
      "ci_95_lower": 2.0,
      "ci_95_upper": 2.0
    },
    "mean_k_total": {
      "mean": 2.0,
      "std": 0.0,
      "ci_95_lower": 2.0,
      "ci_95_upper": 2.0
    },
    "mean_energy": {
      "mean": 0.5999999999999998,
      "std": 0.0,
      "ci_95_lower": 0.5999999999999998,
      "ci_95_upper": 0.5999999999999998
    },
    "frac_rf": {
      "mean": 0.0,
      "std": 0.0,
      "ci_95_lower": 0.0,
      "ci_95_upper": 0.0
    },
    "frac_vlc": {
      "mean": 1.0,
      "std": 0.0,
      "ci_95_lower": 1.0,
      "ci_95_upper": 1.0
    },
    "frac_dup": {
      "mean": 0.0,
      "std": 0.0,
      "ci_95_lower": 0.0,
      "ci_95_upper": 0.0
    },
    "num_switches": {
      "mean": 0.0,
      "std": 0.0,
      "ci_95_lower": 0.0,
      "ci_95_upper": 0.0
    }
  },
  "always_dup": {
    "timely_delivery_ratio": {
      "mean": 0.7386000000000001,
      "std": 0.020495872952397236,
      "ci_95_lower": 0.7345331741451887,
      "ci_95_upper": 0.7426668258548116
    },
    "mean_latency_ms": {
      "mean": 2.0,
      "std": 0.0,
      "ci_95_lower": 2.0,
      "ci_95_upper": 2.0
    },
    "p95_latency_ms": {
      "mean": 2.0,
      "std": 0.0,
      "ci_95_lower": 2.0,
      "ci_95_upper": 2.0
    },
    "mean_k_total": {
      "mean": 2.0,
      "std": 0.0,
      "ci_95_lower": 2.0,
      "ci_95_upper": 2.0
    },
    "mean_energy": {
      "mean": 1.3000000000000005,
      "std": 0.0,
      "ci_95_lower": 1.3000000000000005,
      "ci_95_upper": 1.3000000000000005
    },
    "frac_rf": {
      "mean": 0.0,
      "std": 0.0,
      "ci_95_lower": 0.0,
      "ci_95_upper": 0.0
    },
    "frac_vlc": {
      "mean": 0.0,
      "std": 0.0,
      "ci_95_lower": 0.0,
      "ci_95_upper": 0.0
    },
    "frac_dup": {
      "mean": 1.0,
      "std": 0.0,
      "ci_95_lower": 1.0,
      "ci_95_upper": 1.0
    },
    "num_switches": {
      "mean": 0.0,
      "std": 0.0,
      "ci_95_lower": 0.0,
      "ci_95_upper": 0.0
    }
  },
  "oracle": {
    "timely_delivery_ratio": {
      "mean": 0.8181799999999998,
      "std": 0.020383881530822958,
      "ci_95_lower": 0.8141353956728994,
      "ci_95_upper": 0.8222246043271002
    },
    "mean_latency_ms": {
      "mean": 2.0,
      "std": 0.0,
      "ci_95_lower": 2.0,
      "ci_95_upper": 2.0
    },
    "p95_latency_ms": {
      "mean": 2.0,
      "std": 0.0,
      "ci_95_lower": 2.0,
      "ci_95_upper": 2.0
    },
    "mean_k_total": {
      "mean": 2.0,
      "std": 0.0,
      "ci_95_lower": 2.0,
      "ci_95_upper": 2.0
    },
    "mean_energy": {
      "mean": 0.9039749999999996,
      "std": 0.041187659657727686,
      "ci_95_lower": 0.8958024747514163,
      "ci_95_upper": 0.912147525248583
    },
    "frac_rf": {
      "mean": 0.20209999999999997,
      "std": 0.028227610238877463,
      "ci_95_lower": 0.1964990297263439,
      "ci_95_upper": 0.20770097027365605
    },
    "frac_vlc": {
      "mean": 0.7678500000000001,
      "std": 0.03139625371719926,
      "ci_95_lower": 0.7616203021160467,
      "ci_95_upper": 0.7740796978839536
    },
    "frac_dup": {
      "mean": 0.030050000000000004,
      "std": 0.010146776370210922,
      "ci_95_lower": 0.028036659432305978,
      "ci_95_upper": 0.032063340567694026
    },
    "num_switches": {
      "mean": 147.44,
      "std": 19.363257927728938,
      "ci_95_lower": 143.59790953833652,
      "ci_95_upper": 151.28209046166347
    }
  },
  "threshold": {
    "timely_delivery_ratio": {
      "mean": 0.7733,
      "std": 0.027607457636872647,
      "ci_95_lower": 0.7678220814568859,
      "ci_95_upper": 0.7787779185431141
    },
    "mean_latency_ms": {
      "mean": 2.0,
      "std": 0.0,
      "ci_95_lower": 2.0,
      "ci_95_upper": 2.0
    },
    "p95_latency_ms": {
      "mean": 2.0,
      "std": 0.0,
      "ci_95_lower": 2.0,
      "ci_95_upper": 2.0
    },
    "mean_k_total": {
      "mean": 2.0,
      "std": 0.0,
      "ci_95_lower": 2.0,
      "ci_95_upper": 2.0
    },
    "mean_energy": {
      "mean": 0.920229,
      "std": 0.03308332087626666,
      "ci_95_lower": 0.9136645513905111,
      "ci_95_upper": 0.9267934486094889
    },
    "frac_rf": {
      "mean": 0.00436,
      "std": 0.006338148090106543,
      "ci_95_lower": 0.003102373911843822,
      "ci_95_upper": 0.005617626088156178
    },
    "frac_vlc": {
      "mean": 0.54689,
      "std": 0.04651379615042436,
      "ci_95_lower": 0.5376606537199309,
      "ci_95_upper": 0.5561193462800691
    },
    "frac_dup": {
      "mean": 0.4487499999999999,
      "std": 0.04662322111860942,
      "ci_95_lower": 0.4394989414322517,
      "ci_95_upper": 0.45800105856774814
    },
    "num_switches": {
      "mean": 178.67,
      "std": 17.980941088392523,
      "ci_95_lower": 175.10219118883325,
      "ci_95_upper": 182.23780881116673
    }
  }
}