{
  "rf_only": {
    "timely_delivery_ratio": {
      "mean": 0.33557999999999993,
      "std": 0.0299144166453622,
      "ci_95_lower": 0.32964433073977784,
      "ci_95_upper": 0.34151566926022203
    },
    "mean_latency_ms": {
      "mean": 2.0,
      "std": 0.0,
      "ci_95_lower": 2.0,
      "ci_95_upper": 2.0
    },
    "p95_latency_ms": {
      "mean": 2.0,
      "std": 0.0,
      "ci_95_lower": 2.0,
      "ci_95_upper": 2.0
    },
    "mean_k_total": {
      "mean": 2.0,
      "std": 0.0,
      "ci_95_lower": 2.0,
      "ci_95_upper": 2.0
    },
    "mean_energy": {
      "mean": 2.0,
      "std": 0.0,
      "ci_95_lower": 2.0,
      "ci_95_upper": 2.0
    },
    "frac_rf": {
      "mean": 1.0,
      "std": 0.0,
      "ci_95_lower": 1.0,
      "ci_95_upper": 1.0
    },
    "frac_vlc": {
      "mean": 0.0,
      "std": 0.0,
      "ci_95_lower": 0.0,
      "ci_95_upper": 0.0
    },
    "frac_dup": {
      "mean": 0.0,
      "std": 0.0,
      "ci_95_lower": 0.0,
      "ci_95_upper": 0.0
    },
    "num_switches": {
      "mean": 0.0,
      "std": 0.0,
      "ci_95_lower": 0.0,
      "ci_95_upper": 0.0
    }
  },
  "vlc_only": {
    "timely_delivery_ratio": {
      "mean": 0.57497,
      "std": 0.030688547859046195,
      "ci_95_lower": 0.5688807263120895,
      "ci_95_upper": 0.5810592736879104
    },
    "mean_latency_ms": {
      "mean": 2.0,
      "std": 0.0,
      "ci_95_lower": 2.0,
      "ci_95_upper": 2.0
    },
    "p95_latency_ms": {
      "mean": 2.0,
      "std": 0.0,
      "ci_95_lower": 2.0,
      "ci_95_upper": 2.0
    },
    "mean_k_total": {
      "mean": 2.0,
      "std": 0.0,
      "ci_95_lower": 2.0,
      "ci_95_upper": 2.0
    },
    "mean_energy": {
      "mean": 0.5999999999999998,
      "std": 0.0,
      "ci_95_lower": 0.5999999999999998,
      "ci_95_upper": 0.5999999999999998
    },
    "frac_rf": {
      "mean": 0.0,
      "std": 0.0,
      "ci_95_lower": 0.0,
      "ci_95_upper": 0.0
    },
    "frac_vlc": {
      "mean": 1.0,
      "std": 0.0,
      "ci_95_lower": 1.0,
      "ci_95_upper": 1.0
    },
    "frac_dup": {
      "mean": 0.0,
      "std": 0.0,
      "ci_95_lower": 0.0,
      "ci_95_upper": 0.0
    },
    "num_switches": {
      "mean": 0.0,
      "std": 0.0,
      "ci_95_lower": 0.0,
      "ci_95_upper": 0.0
    }
  },
  "always_dup": {
    "timely_delivery_ratio": {
      "mean": 0.58456,
      "std": 0.02505723549206995,
      "ci_95_lower": 0.5795881008578689,
      "ci_95_upper": 0.589531899142131
    },
    "mean_latency_ms": {
      "mean": 2.0,
      "std": 0.0,
      "ci_95_lower": 2.0,
      "ci_95_upper": 2.0
    },
    "p95_latency_ms": {
      "mean": 2.0,
      "std": 0.0,
      "ci_95_lower": 2.0,
      "ci_95_upper": 2.0
    },
    "mean_k_total": {
      "mean": 2.0,
      "std": 0.0,
      "ci_95_lower": 2.0,
      "ci_95_upper": 2.0
    },
    "mean_energy": {
      "mean": 1.3000000000000005,
      "std": 0.0,
      "ci_95_lower": 1.3000000000000005,
      "ci_95_upper": 1.3000000000000005
    },
    "frac_rf": {
      "mean": 0.0,
      "std": 0.0,
      "ci_95_lower": 0.0,
      "ci_95_upper": 0.0
    },
    "frac_vlc": {
      "mean": 0.0,
      "std": 0.0,
      "ci_95_lower": 0.0,
      "ci_95_upper": 0.0
    },
    "frac_dup": {
      "mean": 1.0,
      "std": 0.0,
      "ci_95_lower": 1.0,
      "ci_95_upper": 1.0
    },
    "num_switches": {
      "mean": 0.0,
      "std": 0.0,
      "ci_95_lower": 0.0,
      "ci_95_upper": 0.0
    }
  },
  "oracle": {
    "timely_delivery_ratio": {
      "mean": 0.6901600000000001,
      "std": 0.025645493037399613,
      "ci_95_lower": 0.6850713777985394,
      "ci_95_upper": 0.6952486222014608
    },
    "mean_latency_ms": {
      "mean": 2.0,
      "std": 0.0,
      "ci_95_lower": 2.0,
      "ci_95_upper": 2.0
    },
    "p95_latency_ms": {
      "mean": 2.0,
      "std": 0.0,
      "ci_95_lower": 2.0,
      "ci_95_upper": 2.0
    },
    "mean_k_total": {
      "mean": 2.0,
      "std": 0.0,
      "ci_95_lower": 2.0,
      "ci_95_upper": 2.0
    },
    "mean_energy": {
      "mean": 1.0997089999999998,
      "std": 0.05009915238501517,
      "ci_95_lower": 1.0897682412581435,
      "ci_95_upper": 1.1096497587418561
    },
    "frac_rf": {
      "mean": 0.35351999999999995,
      "std": 0.03550458214844041,
      "ci_95_lower": 0.34647512062448316,
      "ci_95_upper": 0.36056487937551673
    },
    "frac_vlc": {
      "mean": 0.63965,
      "std": 0.03616666666666667,
      "ci_95_lower": 0.6324737486920436,
      "ci_95_upper": 0.6468262513079565
    },
    "frac_dup": {
      "mean": 0.00683,
      "std": 0.0038613730744648357,
      "ci_95_lower": 0.0060638198089547676,
      "ci_95_upper": 0.007596180191045233
    },
    "num_switches": {
      "mean": 151.54,
      "std": 13.095160645186157,
      "ci_95_lower": 148.94163602650923,
      "ci_95_upper": 154.13836397349075
    }
  },
  "threshold": {
    "timely_delivery_ratio": {
      "mean": 0.6172,
      "std": 0.031273637524925124,
      "ci_95_lower": 0.6109946318287706,
      "ci_95_upper": 0.6234053681712294
    },
    "mean_latency_ms": {
      "mean": 2.0,
      "std": 0.0,
      "ci_95_lower": 2.0,
      "ci_95_upper": 2.0
    },
    "p95_latency_ms": {
      "mean": 2.0,
      "std": 0.0,
      "ci_95_lower": 2.0,
      "ci_95_upper": 2.0
    },
    "mean_k_total": {
      "mean": 2.0,
      "std": 0.0,
      "ci_95_lower": 2.0,
      "ci_95_upper": 2.0
    },
    "mean_energy": {
      "mean": 1.0025840000000001,
      "std": 0.030908485710058504,
      "ci_95_lower": 0.996451085870864,
      "ci_95_upper": 1.0087169141291363
    },
    "frac_rf": {
      "mean": 1e-05,
      "std": 0.0001,
      "ci_95_lower": -9.84216951508683e-06,
      "ci_95_upper": 2.9842169515086833e-05
    },
    "frac_vlc": {
      "mean": 0.42489,
      "std": 0.04414665527214006,
      "ci_95_lower": 0.41613034582566094,
      "ci_95_upper": 0.43364965417433904
    },
    "frac_dup": {
      "mean": 0.5751,
      "std": 0.04413855594842359,
      "ci_95_lower": 0.5663419529072022,
      "ci_95_upper": 0.5838580470927976
    },
    "num_switches": {
      "mean": 175.44,
      "std": 15.935044918846529,
      "ci_95_lower": 172.27814137489725,
      "ci_95_upper": 178.60185862510275
    }
  }
}