{
  "rf_only": {
    "timely_delivery_ratio": {
      "mean": 0.33414000000000016,
      "std": 0.027891572167588512,
      "ci_95_lower": 0.32860570697008445,
      "ci_95_upper": 0.33967429302991586
    },
    "mean_latency_ms": {
      "mean": 2.0,
      "std": 0.0,
      "ci_95_lower": 2.0,
      "ci_95_upper": 2.0
    },
    "p95_latency_ms": {
      "mean": 2.0,
      "std": 0.0,
      "ci_95_lower": 2.0,
      "ci_95_upper": 2.0
    },
    "mean_k_total": {
      "mean": 2.0,
      "std": 0.0,
      "ci_95_lower": 2.0,
      "ci_95_upper": 2.0
    },
    "mean_energy": {
      "mean": 2.0,
      "std": 0.0,
      "ci_95_lower": 2.0,
      "ci_95_upper": 2.0
    },
    "frac_rf": {
      "mean": 1.0,
      "std": 0.0,
      "ci_95_lower": 1.0,
      "ci_95_upper": 1.0
    },
    "frac_vlc": {
      "mean": 0.0,
      "std": 0.0,
      "ci_95_lower": 0.0,
      "ci_95_upper": 0.0
    },
    "frac_dup": {
      "mean": 0.0,
      "std": 0.0,
      "ci_95_lower": 0.0,
      "ci_95_upper": 0.0
    },
    "num_switches": {
      "mean": 0.0,
      "std": 0.0,
      "ci_95_lower": 0.0,
      "ci_95_upper": 0.0
    }
  },
  "vlc_only": {
    "timely_delivery_ratio": {
      "mean": 0.00522,
      "std": 0.0031768735027579,
      "ci_95_lower": 0.004589639374302901,
      "ci_95_upper": 0.005850360625697099
    },
    "mean_latency_ms": {
      "mean": 1.96,
      "std": 0.28141058827257937,
      "ci_95_lower": 1.9041620340415517,
      "ci_95_upper": 2.015837965958448
    },
    "p95_latency_ms": {
      "mean": 1.96,
      "std": 0.28141058827257937,
      "ci_95_lower": 1.9041620340415517,
      "ci_95_upper": 2.015837965958448
    },
    "mean_k_total": {
      "mean": 2.0,
      "std": 0.0,
      "ci_95_lower": 2.0,
      "ci_95_upper": 2.0
    },
    "mean_energy": {
      "mean": 0.5999999999999998,
      "std": 0.0,
      "ci_95_lower": 0.5999999999999998,
      "ci_95_upper": 0.5999999999999998
    },
    "frac_rf": {
      "mean": 0.0,
      "std": 0.0,
      "ci_95_lower": 0.0,
      "ci_95_upper": 0.0
    },
    "frac_vlc": {
      "mean": 1.0,
      "std": 0.0,
      "ci_95_lower": 1.0,
      "ci_95_upper": 1.0
    },
    "frac_dup": {
      "mean": 0.0,
      "std": 0.0,
      "ci_95_lower": 0.0,
      "ci_95_upper": 0.0
    },
    "num_switches": {
      "mean": 0.0,
      "std": 0.0,
      "ci_95_lower": 0.0,
      "ci_95_upper": 0.0
    }
  },
  "always_dup": {
    "timely_delivery_ratio": {
      "mean": 0.19257000000000002,
      "std": 0.018049457867008893,
      "ci_95_lower": 0.18898859597347395,
      "ci_95_upper": 0.1961514040265261
    },
    "mean_latency_ms": {
      "mean": 2.0,
      "std": 0.0,
      "ci_95_lower": 2.0,
      "ci_95_upper": 2.0
    },
    "p95_latency_ms": {
      "mean": 2.0,
      "std": 0.0,
      "ci_95_lower": 2.0,
      "ci_95_upper": 2.0
    },
    "mean_k_total": {
      "mean": 2.0,
      "std": 0.0,
      "ci_95_lower": 2.0,
      "ci_95_upper": 2.0
    },
    "mean_energy": {
      "mean": 1.3000000000000005,
      "std": 0.0,
      "ci_95_lower": 1.3000000000000005,
      "ci_95_upper": 1.3000000000000005
    },
    "frac_rf": {
      "mean": 0.0,
      "std": 0.0,
      "ci_95_lower": 0.0,
      "ci_95_upper": 0.0
    },
    "frac_vlc": {
      "mean": 0.0,
      "std": 0.0,
      "ci_95_lower": 0.0,
      "ci_95_upper": 0.0
    },
    "frac_dup": {
      "mean": 1.0,
      "std": 0.0,
      "ci_95_lower": 1.0,
      "ci_95_upper": 1.0
    },
    "num_switches": {
      "mean": 0.0,
      "std": 0.0,
      "ci_95_lower": 0.0,
      "ci_95_upper": 0.0
    }
  },
  "oracle": {
    "timely_delivery_ratio": {
      "mean": 0.3330200000000001,
      "std": 0.028318527325745416,
      "ci_95_lower": 0.3274009898038495,
      "ci_95_upper": 0.33863901019615067
    },
    "mean_latency_ms": {
      "mean": 2.0,
      "std": 0.0,
      "ci_95_lower": 2.0,
      "ci_95_upper": 2.0
    },
    "p95_latency_ms": {
      "mean": 2.0,
      "std": 0.0,
      "ci_95_lower": 2.0,
      "ci_95_upper": 2.0
    },
    "mean_k_total": {
      "mean": 2.0,
      "std": 0.0,
      "ci_95_lower": 2.0,
      "ci_95_upper": 2.0
    },
    "mean_energy": {
      "mean": 1.9887930000000003,
      "std": 0.006867582389661433,
      "ci_95_lower": 1.9874303226606553,
      "ci_95_upper": 1.9901556773393452
    },
    "frac_rf": {
      "mean": 0.99101,
      "std": 0.005387030815774221,
      "ci_95_lower": 0.9899410962137041,
      "ci_95_upper": 0.9920789037862958
    },
    "frac_vlc": {
      "mean": 0.007019999999999999,
      "std": 0.004519274099215313,
      "ci_95_lower": 0.006123277972382284,
      "ci_95_upper": 0.007916722027617715
    },
    "frac_dup": {
      "mean": 0.00197,
      "std": 0.0016234083113790395,
      "ci_95_lower": 0.0016478805709341624,
      "ci_95_upper": 0.0022921194290658376
    },
    "num_switches": {
      "mean": 10.85,
      "std": 6.235083209249305,
      "ci_95_lower": 9.612824220214037,
      "ci_95_upper": 12.087175779785962
    }
  },
  "threshold_belief": {
    "timely_delivery_ratio": {
      "mean": 0.2047,
      "std": 0.031538176321032986,
      "ci_95_lower": 0.19844214159241366,
      "ci_95_upper": 0.21095785840758632
    },
    "mean_latency_ms": {
      "mean": 2.0,
      "std": 0.0,
      "ci_95_lower": 2.0,
      "ci_95_upper": 2.0
    },
    "p95_latency_ms": {
      "mean": 2.0,
      "std": 0.0,
      "ci_95_lower": 2.0,
      "ci_95_upper": 2.0
    },
    "mean_k_total": {
      "mean": 2.0,
      "std": 0.0,
      "ci_95_lower": 2.0,
      "ci_95_upper": 2.0
    },
    "mean_energy": {
      "mean": 1.3146090000000001,
      "std": 0.062235786734844534,
      "ci_95_lower": 1.3022600696970243,
      "ci_95_upper": 1.326957930302976
    },
    "frac_rf": {
      "mean": 0.23907999999999993,
      "std": 0.06362955923217455,
      "ci_95_lower": 0.22645451499544927,
      "ci_95_upper": 0.2517054850045506
    },
    "frac_vlc": {
      "mean": 0.21821000000000002,
      "std": 0.02891132209800419,
      "ci_95_lower": 0.21247336646026127,
      "ci_95_upper": 0.22394663353973876
    },
    "frac_dup": {
      "mean": 0.54271,
      "std": 0.04317974997705299,
      "ci_95_lower": 0.5341422008133625,
      "ci_95_upper": 0.5512777991866376
    },
    "num_switches": {
      "mean": 336.68,
      "std": 24.721429790954467,
      "ci_95_lower": 331.77473199432563,
      "ci_95_upper": 341.5852680056744
    }
  },
  "best_link": {
    "timely_delivery_ratio": {
      "mean": 0.26045999999999997,
      "std": 0.02694416973722298,
      "ci_95_lower": 0.25511369216630747,
      "ci_95_upper": 0.26580630783369247
    },
    "mean_latency_ms": {
      "mean": 2.0,
      "std": 0.0,
      "ci_95_lower": 2.0,
      "ci_95_upper": 2.0
    },
    "p95_latency_ms": {
      "mean": 2.0,
      "std": 0.0,
      "ci_95_lower": 2.0,
      "ci_95_upper": 2.0
    },
    "mean_k_total": {
      "mean": 2.0,
      "std": 0.0,
      "ci_95_lower": 2.0,
      "ci_95_upper": 2.0
    },
    "mean_energy": {
      "mean": 1.665848,
      "std": 0.027372065979015835,
      "ci_95_lower": 1.6604167882686622,
      "ci_95_upper": 1.6712792117313378
    },
    "frac_rf": {
      "mean": 0.76132,
      "std": 0.019551475699297036,
      "ci_95_lower": 0.7574405630490445,
      "ci_95_upper": 0.7651994369509555
    },
    "frac_vlc": {
      "mean": 0.23868000000000003,
      "std": 0.019551475699297022,
      "ci_95_lower": 0.2348005630490445,
      "ci_95_upper": 0.24255943695095555
    },
    "frac_dup": {
      "mean": 0.0,
      "std": 0.0,
      "ci_95_lower": 0.0,
      "ci_95_upper": 0.0
    },
    "num_switches": {
      "mean": 274.83,
      "std": 19.097334416566667,
      "ci_95_lower": 271.0406745322018,
      "ci_95_upper": 278.61932546779815
    }
  },
  "conditional_dup_balanced": {
    "timely_delivery_ratio": {
      "mean": 0.29525999999999997,
      "std": 0.023778701955040914,
      "ci_95_lower": 0.2905417896495935,
      "ci_95_upper": 0.29997821035040645
    },