{
  "rf_only": {
    "timely_delivery_ratio": {
      "mean": 0.33470999999999995,
      "std": 0.02825650725090067,
      "ci_95_lower": 0.3291032959322334,
      "ci_95_upper": 0.3403167040677665
    },
    "mean_latency_ms": {
      "mean": 2.0,
      "std": 0.0,
      "ci_95_lower": 2.0,
      "ci_95_upper": 2.0
    },
    "p95_latency_ms": {
      "mean": 2.0,
      "std": 0.0,
      "ci_95_lower": 2.0,
      "ci_95_upper": 2.0
    },
    "mean_k_total": {
      "mean": 2.0,
      "std": 0.0,
      "ci_95_lower": 2.0,
      "ci_95_upper": 2.0
    },
    "mean_energy": {
      "mean": 2.0,
      "std": 0.0,
      "ci_95_lower": 2.0,
      "ci_95_upper": 2.0
    },
    "frac_rf": {
      "mean": 1.0,
      "std": 0.0,
      "ci_95_lower": 1.0,
      "ci_95_upper": 1.0
    },
    "frac_vlc": {
      "mean": 0.0,
      "std": 0.0,
      "ci_95_lower": 0.0,
      "ci_95_upper": 0.0
    },
    "frac_dup": {
      "mean": 0.0,
      "std": 0.0,
      "ci_95_lower": 0.0,
      "ci_95_upper": 0.0
    },
    "num_switches": {
      "mean": 0.0,
      "std": 0.0,
      "ci_95_lower": 0.0,
      "ci_95_upper": 0.0
    }
  },
  "vlc_only": {
    "timely_delivery_ratio": {
      "mean": 0.5766699999999999,
      "std": 0.03267472225968377,
      "ci_95_lower": 0.5701866262206496,
      "ci_95_upper": 0.5831533737793502
    },
    "mean_latency_ms": {
      "mean": 2.0,
      "std": 0.0,
      "ci_95_lower": 2.0,
      "ci_95_upper": 2.0
    },
    "p95_latency_ms": {
      "mean": 2.0,
      "std": 0.0,
      "ci_95_lower": 2.0,
      "ci_95_upper": 2.0
    },
    "mean_k_total": {
      "mean": 2.0,
      "std": 0.0,
      "ci_95_lower": 2.0,
      "ci_95_upper": 2.0
    },
    "mean_energy": {
      "mean": 0.5999999999999998,
      "std": 0.0,
      "ci_95_lower": 0.5999999999999998,
      "ci_95_upper": 0.5999999999999998
    },
    "frac_rf": {
      "mean": 0.0,
      "std": 0.0,
      "ci_95_lower": 0.0,
      "ci_95_upper": 0.0
    },
    "frac_vlc": {
      "mean": 1.0,
      "std": 0.0,
      "ci_95_lower": 1.0,
      "ci_95_upper": 1.0
    },
    "frac_dup": {
      "mean": 0.0,
      "std": 0.0,
      "ci_95_lower": 0.0,
      "ci_95_upper": 0.0
    },
    "num_switches": {
      "mean": 0.0,
      "std": 0.0,
      "ci_95_lower": 0.0,
      "ci_95_upper": 0.0
    }
  },
  "always_dup": {
    "timely_delivery_ratio": {
      "mean": 0.58593,
      "std": 0.023906068288409552,
      "ci_95_lower": 0.5811865174058213,
      "ci_95_upper": 0.5906734825941786
    },
    "mean_latency_ms": {
      "mean": 2.0,
      "std": 0.0,
      "ci_95_lower": 2.0,
      "ci_95_upper": 2.0
    },
    "p95_latency_ms": {
      "mean": 2.0,
      "std": 0.0,
      "ci_95_lower": 2.0,
      "ci_95_upper": 2.0
    },
    "mean_k_total": {
      "mean": 2.0,
      "std": 0.0,
      "ci_95_lower": 2.0,
      "ci_95_upper": 2.0
    },
    "mean_energy": {
      "mean": 1.3000000000000005,
      "std": 0.0,
      "ci_95_lower": 1.3000000000000005,
      "ci_95_upper": 1.3000000000000005
    },
    "frac_rf": {
      "mean": 0.0,
      "std": 0.0,
      "ci_95_lower": 0.0,
      "ci_95_upper": 0.0
    },
    "frac_vlc": {
      "mean": 0.0,
      "std": 0.0,
      "ci_95_lower": 0.0,
      "ci_95_upper": 0.0
    },
    "frac_dup": {
      "mean": 1.0,
      "std": 0.0,
      "ci_95_lower": 1.0,
      "ci_95_upper": 1.0
    },
    "num_switches": {
      "mean": 0.0,
      "std": 0.0,
      "ci_95_lower": 0.0,
      "ci_95_upper": 0.0
    }
  },
  "oracle": {
    "timely_delivery_ratio": {
      "mean": 0.6903299999999999,
      "std": 0.02617464846415747,
      "ci_95_lower": 0.6851363818817637,
      "ci_95_upper": 0.695523618118236
    },
    "mean_latency_ms": {
      "mean": 2.0,
      "std": 0.0,
      "ci_95_lower": 2.0,
      "ci_95_upper": 2.0
    },
    "p95_latency_ms": {
      "mean": 2.0,
      "std": 0.0,
      "ci_95_lower": 2.0,
      "ci_95_upper": 2.0
    },
    "mean_k_total": {
      "mean": 2.0,
      "std": 0.0,
      "ci_95_lower": 2.0,
      "ci_95_upper": 2.0
    },
    "mean_energy": {
      "mean": 1.0997089999999998,
      "std": 0.05009915238501517,
      "ci_95_lower": 1.0897682412581435,
      "ci_95_upper": 1.1096497587418561
    },
    "frac_rf": {
      "mean": 0.35351999999999995,
      "std": 0.03550458214844041,
      "ci_95_lower": 0.34647512062448316,
      "ci_95_upper": 0.36056487937551673
    },
    "frac_vlc": {
      "mean": 0.63965,
      "std": 0.03616666666666667,
      "ci_95_lower": 0.6324737486920436,
      "ci_95_upper": 0.6468262513079565
    },
    "frac_dup": {
      "mean": 0.00683,
      "std": 0.0038613730744648357,
      "ci_95_lower": 0.0060638198089547676,
      "ci_95_upper": 0.007596180191045233
    },
    "num_switches": {
      "mean": 151.54,
      "std": 13.095160645186157,
      "ci_95_lower": 148.94163602650923,
      "ci_95_upper": 154.13836397349075
    }
  },
  "threshold": {
    "timely_delivery_ratio": {
      "mean": 0.61835,
      "std": 0.028943475041444983,
      "ci_95_lower": 0.6126069866187196,
      "ci_95_upper": 0.6240930133812803
    },
    "mean_latency_ms": {
      "mean": 2.0,
      "std": 0.0,
      "ci_95_lower": 2.0,
      "ci_95_upper": 2.0
    },
    "p95_latency_ms": {
      "mean": 2.0,
      "std": 0.0,
      "ci_95_lower": 2.0,
      "ci_95_upper": 2.0
    },
    "mean_k_total": {
      "mean": 2.0,
      "std": 0.0,
      "ci_95_lower": 2.0,
      "ci_95_upper": 2.0
    },
    "mean_energy": {
      "mean": 1.0025840000000001,
      "std": 0.030908485710058504,
      "ci_95_lower": 0.996451085870864,
      "ci_95_upper": 1.0087169141291363
    },
    "frac_rf": {
      "mean": 1e-05,
      "std": 0.0001,
      "ci_95_lower": -9.84216951508683e-06,
      "ci_95_upper": 2.9842169515086833e-05
    },
    "frac_vlc": {
      "mean": 0.42489,
      "std": 0.04414665527214006,
      "ci_95_lower": 0.41613034582566094,
      "ci_95_upper": 0.43364965417433904
    },
    "frac_dup": {
      "mean": 0.5751,
      "std": 0.04413855594842359,
      "ci_95_lower": 0.5663419529072022,
      "ci_95_upper": 0.5838580470927976
    },
    "num_switches": {
      "mean": 175.44,
      "std": 15.935044918846529,
      "ci_95_lower": 172.27814137489725,
      "ci_95_upper": 178.60185862510275
    }
  },
  "best_link": {
    "timely_delivery_ratio": {
      "mean": 0.5703,
      "std": 0.029680623206721806,
      "ci_95_lower": 0.5644107204301881,
      "ci_95_upper": 0.5761892795698119
    },
    "mean_latency_ms": {
      "mean": 2.0,
      "std": 0.0,
      "ci_95_lower": 2.0,
      "ci_95_upper": 2.0
    },
    "p95_latency_ms": {
      "mean": 2.0,
      "std": 0.0,
      "ci_95_lower": 2.0,
      "ci_95_upper": 2.0
    },
    "mean_k_total": {
      "mean": 2.0,
      "std": 0.0,
      "ci_95_lower": 2.0,
      "ci_95_upper": 2.0
    },
    "mean_energy": {
      "mean": 0.69128,
      "std": 0.01550697464453537,
      "ci_95_lower": 0.6882030798043698,
      "ci_95_upper": 0.6943569201956302
    },
    "frac_rf": {
      "mean": 0.06520000000000001,
      "std": 0.0110764104603824,
      "ci_95_lower": 0.06300219986026412,
      "ci_95_upper": 0.0673978001397359
    },
    "frac_vlc": {
      "mean": 0.9348000000000001,
      "std": 0.01107641046038237,
      "ci_95_lower": 0.9326021998602642,
      "ci_95_upper": 0.936997800139736
    },
    "frac_dup": {
      "mean": 0.0,
      "std": 0.0,
      "ci_95_lower": 0.0,
      "ci_95_upper": 0.0
    },
    "num_switches": {
      "mean": 104.26,
      "std": 14.3291889709661,
      "ci_95_lower": 101.41677803424379,
      "ci_95_upper": 107.10322196575622
    }
  },
  "conditional_dup_balanced": {
    "timely_delivery_ratio": {
      "mean": 0.58766,
      "std": 0.022594457173154097,
      "ci_95_lower": 0.5831767695066891,
      "ci_95_upper": 0.5921432304933109
    },
    "mean_latency_ms": {
      "mean": 2.0,
      "std": 0.0,
      "ci_95_lower": 2.0,
      "ci_95_upper": 2.0
    },
    "p95_latency_ms": {
      "mean": 2.0,