{
  "rf_only": {
    "timely_delivery_ratio": {
      "mean": 0.33446,
      "std": 0.026822808024198924,
      "ci_95_lower": 0.3291377729631321,
      "ci_95_upper": 0.33978222703686783
    },
    "mean_latency_ms": {
      "mean": 2.0,
      "std": 0.0,
      "ci_95_lower": 2.0,
      "ci_95_upper": 2.0
    },
    "p95_latency_ms": {
      "mean": 2.0,
      "std": 0.0,
      "ci_95_lower": 2.0,
      "ci_95_upper": 2.0
    },
    "mean_k_total": {
      "mean": 2.0,
      "std": 0.0,
      "ci_95_lower": 2.0,
      "ci_95_upper": 2.0
    },
    "mean_energy": {
      "mean": 2.0,
      "std": 0.0,
      "ci_95_lower": 2.0,
      "ci_95_upper": 2.0
    },
    "frac_rf": {
      "mean": 1.0,
      "std": 0.0,
      "ci_95_lower": 1.0,
      "ci_95_upper": 1.0
    },
    "frac_vlc": {
      "mean": 0.0,
      "std": 0.0,
      "ci_95_lower": 0.0,
      "ci_95_upper": 0.0
    },
    "frac_dup": {
      "mean": 0.0,
      "std": 0.0,
      "ci_95_lower": 0.0,
      "ci_95_upper": 0.0
    },
    "num_switches": {
      "mean": 0.0,
      "std": 0.0,
      "ci_95_lower": 0.0,
      "ci_95_upper": 0.0
    }
  },
  "vlc_only": {
    "timely_delivery_ratio": {
      "mean": 0.57452,
      "std": 0.03275667254101972,
      "ci_95_lower": 0.568020365506909,
      "ci_95_upper": 0.581019634493091
    },
    "mean_latency_ms": {
      "mean": 2.0,
      "std": 0.0,
      "ci_95_lower": 2.0,
      "ci_95_upper": 2.0
    },
    "p95_latency_ms": {
      "mean": 2.0,
      "std": 0.0,
      "ci_95_lower": 2.0,
      "ci_95_upper": 2.0
    },
    "mean_k_total": {
      "mean": 2.0,
      "std": 0.0,
      "ci_95_lower": 2.0,
      "ci_95_upper": 2.0
    },
    "mean_energy": {
      "mean": 0.5999999999999998,
      "std": 0.0,
      "ci_95_lower": 0.5999999999999998,
      "ci_95_upper": 0.5999999999999998
    },
    "frac_rf": {
      "mean": 0.0,
      "std": 0.0,
      "ci_95_lower": 0.0,
      "ci_95_upper": 0.0
    },
    "frac_vlc": {
      "mean": 1.0,
      "std": 0.0,
      "ci_95_lower": 1.0,
      "ci_95_upper": 1.0
    },
    "frac_dup": {
      "mean": 0.0,
      "std": 0.0,
      "ci_95_lower": 0.0,
      "ci_95_upper": 0.0
    },
    "num_switches": {
      "mean": 0.0,
      "std": 0.0,
      "ci_95_lower": 0.0,
      "ci_95_upper": 0.0
    }
  },
  "always_dup": {
    "timely_delivery_ratio": {
      "mean": 0.5866799999999999,
      "std": 0.022042603377014327,
      "ci_95_lower": 0.5823062692723945,
      "ci_95_upper": 0.5910537307276053
    },
    "mean_latency_ms": {
      "mean": 2.0,
      "std": 0.0,
      "ci_95_lower": 2.0,
      "ci_95_upper": 2.0
    },
    "p95_latency_ms": {
      "mean": 2.0,
      "std": 0.0,
      "ci_95_lower": 2.0,
      "ci_95_upper": 2.0
    },
    "mean_k_total": {
      "mean": 2.0,
      "std": 0.0,
      "ci_95_lower": 2.0,
      "ci_95_upper": 2.0
    },
    "mean_energy": {
      "mean": 1.3000000000000005,
      "std": 0.0,
      "ci_95_lower": 1.3000000000000005,
      "ci_95_upper": 1.3000000000000005
    },
    "frac_rf": {
      "mean": 0.0,
      "std": 0.0,
      "ci_95_lower": 0.0,
      "ci_95_upper": 0.0
    },
    "frac_vlc": {
      "mean": 0.0,
      "std": 0.0,
      "ci_95_lower": 0.0,
      "ci_95_upper": 0.0
    },
    "frac_dup": {
      "mean": 1.0,
      "std": 0.0,
      "ci_95_lower": 1.0,
      "ci_95_upper": 1.0
    },
    "num_switches": {
      "mean": 0.0,
      "std": 0.0,
      "ci_95_lower": 0.0,
      "ci_95_upper": 0.0
    }
  },
  "oracle": {
    "timely_delivery_ratio": {
      "mean": 0.6884900000000002,
      "std": 0.027336102963892345,
      "ci_95_lower": 0.6830659241110859,
      "ci_95_upper": 0.6939140758889144
    },
    "mean_latency_ms": {
      "mean": 2.0,
      "std": 0.0,
      "ci_95_lower": 2.0,
      "ci_95_upper": 2.0
    },
    "p95_latency_ms": {
      "mean": 2.0,
      "std": 0.0,
      "ci_95_lower": 2.0,
      "ci_95_upper": 2.0
    },
    "mean_k_total": {
      "mean": 2.0,
      "std": 0.0,
      "ci_95_lower": 2.0,
      "ci_95_upper": 2.0
    },
    "mean_energy": {
      "mean": 1.0997089999999998,
      "std": 0.05009915238501517,
      "ci_95_lower": 1.0897682412581435,
      "ci_95_upper": 1.1096497587418561
    },
    "frac_rf": {
      "mean": 0.35351999999999995,
      "std": 0.03550458214844041,
      "ci_95_lower": 0.34647512062448316,
      "ci_95_upper": 0.36056487937551673
    },
    "frac_vlc": {
      "mean": 0.63965,
      "std": 0.03616666666666667,
      "ci_95_lower": 0.6324737486920436,
      "ci_95_upper": 0.6468262513079565
    },
    "frac_dup": {
      "mean": 0.00683,
      "std": 0.0038613730744648357,
      "ci_95_lower": 0.0060638198089547676,
      "ci_95_upper": 0.007596180191045233
    },
    "num_switches": {
      "mean": 151.54,
      "std": 13.095160645186157,
      "ci_95_lower": 148.94163602650923,
      "ci_95_upper": 154.13836397349075
    }
  },
  "threshold": {
    "timely_delivery_ratio": {
      "mean": 0.61789,
      "std": 0.030075962750235212,
      "ci_95_lower": 0.6119222764878041,
      "ci_95_upper": 0.623857723512196
    },
    "mean_latency_ms": {
      "mean": 2.0,
      "std": 0.0,
      "ci_95_lower": 2.0,
      "ci_95_upper": 2.0
    },
    "p95_latency_ms": {
      "mean": 2.0,
      "std": 0.0,
      "ci_95_lower": 2.0,
      "ci_95_upper": 2.0
    },
    "mean_k_total": {
      "mean": 2.0,
      "std": 0.0,
      "ci_95_lower": 2.0,
      "ci_95_upper": 2.0
    },
    "mean_energy": {
      "mean": 1.0025840000000001,
      "std": 0.030908485710058504,
      "ci_95_lower": 0.996451085870864,
      "ci_95_upper": 1.0087169141291363
    },
    "frac_rf": {
      "mean": 1e-05,
      "std": 0.0001,
      "ci_95_lower": -9.84216951508683e-06,
      "ci_95_upper": 2.9842169515086833e-05
    },
    "frac_vlc": {
      "mean": 0.42489,
      "std": 0.04414665527214006,
      "ci_95_lower": 0.41613034582566094,
      "ci_95_upper": 0.43364965417433904
    },
    "frac_dup": {
      "mean": 0.5751,
      "std": 0.04413855594842359,
      "ci_95_lower": 0.5663419529072022,
      "ci_95_upper": 0.5838580470927976
    },
    "num_switches": {
      "mean": 175.44,
      "std": 15.935044918846529,
      "ci_95_lower": 172.27814137489725,
      "ci_95_upper": 178.60185862510275
    }
  },
  "best_link": {
    "timely_delivery_ratio": {
      "mean": 0.58356,
      "std": 0.03818596706655575,
      "ci_95_lower": 0.5759830756836788,
      "ci_95_upper": 0.5911369243163211
    },
    "mean_latency_ms": {
      "mean": 2.0,
      "std": 0.0,
      "ci_95_lower": 2.0,
      "ci_95_upper": 2.0
    },
    "p95_latency_ms": {
      "mean": 2.0,
      "std": 0.0,
      "ci_95_lower": 2.0,
      "ci_95_upper": 2.0
    },
    "mean_k_total": {
      "mean": 2.0,
      "std": 0.0,
      "ci_95_lower": 2.0,
      "ci_95_upper": 2.0
    },
    "mean_energy": {
      "mean": 0.6390739999999999,
      "std": 0.020341620864472405,
      "ci_95_lower": 0.635037781105955,
      "ci_95_upper": 0.6431102188940448
    },
    "frac_rf": {
      "mean": 0.027910000000000004,
      "std": 0.014529729188908868,
      "ci_95_lower": 0.025026986504253657,
      "ci_95_upper": 0.03079301349574635
    },
    "frac_vlc": {
      "mean": 0.97209,
      "std": 0.01452972918890887,
      "ci_95_lower": 0.9692069865042536,
      "ci_95_upper": 0.9749730134957464
    },
    "frac_dup": {
      "mean": 0.0,
      "std": 0.0,
      "ci_95_lower": 0.0,
      "ci_95_upper": 0.0
    },
    "num_switches": {
      "mean": 16.63,
      "std": 7.212019989103768,
      "ci_95_lower": 15.198978768300083,
      "ci_95_upper": 18.061021231699915
    }
  },
  "conditional_dup_balanced": {
    "timely_delivery_ratio": {
      "mean": 0.59071,
      "std": 0.02787609489628464,
      "ci_95_lower": 0.5851787779964926,
      "ci_95_upper": 0.5962412220035073
    },
    "mean_latency_ms": {
      "mean": 2.0,
      "std": 0.0,
      "ci_95_lower": 2.0,
      "ci_95_upper": 2.0
    },
    "p95_latency_ms": {
      "mean": 2.0,
      "std": 0.0,