{
  "rf_only": {
    "timely_delivery_ratio": {
      "mean": 0.3370299999999999,
      "std": 0.02617904744738672,
      "ci_95_lower": 0.3318355090280544,
      "ci_95_upper": 0.34222449097194535
    },
    "mean_latency_ms": {
      "mean": 2.0,
      "std": 0.0,
      "ci_95_lower": 2.0,
      "ci_95_upper": 2.0
    },
    "p95_latency_ms": {
      "mean": 2.0,
      "std": 0.0,
      "ci_95_lower": 2.0,
      "ci_95_upper": 2.0
    },
    "mean_k_total": {
      "mean": 2.0,
      "std": 0.0,
      "ci_95_lower": 2.0,
      "ci_95_upper": 2.0
    },
    "mean_energy": {
      "mean": 2.0,
      "std": 0.0,
      "ci_95_lower": 2.0,
      "ci_95_upper": 2.0
    },
    "frac_rf": {
      "mean": 1.0,
      "std": 0.0,
      "ci_95_lower": 1.0,
      "ci_95_upper": 1.0
    },
    "frac_vlc": {
      "mean": 0.0,
      "std": 0.0,
      "ci_95_lower": 0.0,
      "ci_95_upper": 0.0
    },
    "frac_dup": {
      "mean": 0.0,
      "std": 0.0,
      "ci_95_lower": 0.0,
      "ci_95_upper": 0.0
    },
    "num_switches": {
      "mean": 0.0,
      "std": 0.0,
      "ci_95_lower": 0.0,
      "ci_95_upper": 0.0
    }
  },
  "vlc_only": {
    "timely_delivery_ratio": {
      "mean": 0.57574,
      "std": 0.03133643440489234,
      "ci_95_lower": 0.5695221715653973,
      "ci_95_upper": 0.5819578284346028
    },
    "mean_latency_ms": {
      "mean": 2.0,
      "std": 0.0,
      "ci_95_lower": 2.0,
      "ci_95_upper": 2.0
    },
    "p95_latency_ms": {
      "mean": 2.0,
      "std": 0.0,
      "ci_95_lower": 2.0,
      "ci_95_upper": 2.0
    },
    "mean_k_total": {
      "mean": 2.0,
      "std": 0.0,
      "ci_95_lower": 2.0,
      "ci_95_upper": 2.0
    },
    "mean_energy": {
      "mean": 0.5999999999999998,
      "std": 0.0,
      "ci_95_lower": 0.5999999999999998,
      "ci_95_upper": 0.5999999999999998
    },
    "frac_rf": {
      "mean": 0.0,
      "std": 0.0,
      "ci_95_lower": 0.0,
      "ci_95_upper": 0.0
    },
    "frac_vlc": {
      "mean": 1.0,
      "std": 0.0,
      "ci_95_lower": 1.0,
      "ci_95_upper": 1.0
    },
    "frac_dup": {
      "mean": 0.0,
      "std": 0.0,
      "ci_95_lower": 0.0,
      "ci_95_upper": 0.0
    },
    "num_switches": {
      "mean": 0.0,
      "std": 0.0,
      "ci_95_lower": 0.0,
      "ci_95_upper": 0.0
    }
  },
  "always_dup": {
    "timely_delivery_ratio": {
      "mean": 0.58662,
      "std": 0.02626276697709,
      "ci_95_lower": 0.5814088972570536,
      "ci_95_upper": 0.5918311027429465
    },
    "mean_latency_ms": {
      "mean": 2.0,
      "std": 0.0,
      "ci_95_lower": 2.0,
      "ci_95_upper": 2.0
    },
    "p95_latency_ms": {
      "mean": 2.0,
      "std": 0.0,
      "ci_95_lower": 2.0,
      "ci_95_upper": 2.0
    },
    "mean_k_total": {
      "mean": 2.0,
      "std": 0.0,
      "ci_95_lower": 2.0,
      "ci_95_upper": 2.0
    },
    "mean_energy": {
      "mean": 1.3000000000000005,
      "std": 0.0,
      "ci_95_lower": 1.3000000000000005,
      "ci_95_upper": 1.3000000000000005
    },
    "frac_rf": {
      "mean": 0.0,
      "std": 0.0,
      "ci_95_lower": 0.0,
      "ci_95_upper": 0.0
    },
    "frac_vlc": {
      "mean": 0.0,
      "std": 0.0,
      "ci_95_lower": 0.0,
      "ci_95_upper": 0.0
    },
    "frac_dup": {
      "mean": 1.0,
      "std": 0.0,
      "ci_95_lower": 1.0,
      "ci_95_upper": 1.0
    },
    "num_switches": {
      "mean": 0.0,
      "std": 0.0,
      "ci_95_lower": 0.0,
      "ci_95_upper": 0.0
    }
  },
  "oracle": {
    "timely_delivery_ratio": {
      "mean": 0.6917200000000001,
      "std": 0.025127987535331128,
      "ci_95_lower": 0.6867340621175099,
      "ci_95_upper": 0.6967059378824904
    },
    "mean_latency_ms": {
      "mean": 2.0,
      "std": 0.0,
      "ci_95_lower": 2.0,
      "ci_95_upper": 2.0
    },
    "p95_latency_ms": {
      "mean": 2.0,
      "std": 0.0,
      "ci_95_lower": 2.0,
      "ci_95_upper": 2.0
    },
    "mean_k_total": {
      "mean": 2.0,
      "std": 0.0,
      "ci_95_lower": 2.0,
      "ci_95_upper": 2.0
    },
    "mean_energy": {
      "mean": 1.0997089999999998,
      "std": 0.05009915238501517,
      "ci_95_lower": 1.0897682412581435,
      "ci_95_upper": 1.1096497587418561
    },
    "frac_rf": {
      "mean": 0.35351999999999995,
      "std": 0.03550458214844041,
      "ci_95_lower": 0.34647512062448316,
      "ci_95_upper": 0.36056487937551673
    },
    "frac_vlc": {
      "mean": 0.63965,
      "std": 0.03616666666666667,
      "ci_95_lower": 0.6324737486920436,
      "ci_95_upper": 0.6468262513079565
    },
    "frac_dup": {
      "mean": 0.00683,
      "std": 0.0038613730744648357,
      "ci_95_lower": 0.0060638198089547676,
      "ci_95_upper": 0.007596180191045233
    },
    "num_switches": {
      "mean": 151.54,
      "std": 13.095160645186157,
      "ci_95_lower": 148.94163602650923,
      "ci_95_upper": 154.13836397349075
    }
  },
  "threshold": {
    "timely_delivery_ratio": {
      "mean": 0.61997,
      "std": 0.030322993575732923,
      "ci_95_lower": 0.6139532602126542,
      "ci_95_upper": 0.6259867397873459
    },
    "mean_latency_ms": {
      "mean": 2.0,
      "std": 0.0,
      "ci_95_lower": 2.0,
      "ci_95_upper": 2.0
    },
    "p95_latency_ms": {
      "mean": 2.0,
      "std": 0.0,
      "ci_95_lower": 2.0,
      "ci_95_upper": 2.0
    },
    "mean_k_total": {
      "mean": 2.0,
      "std": 0.0,
      "ci_95_lower": 2.0,
      "ci_95_upper": 2.0
    },
    "mean_energy": {
      "mean": 1.0025840000000001,
      "std": 0.030908485710058504,
      "ci_95_lower": 0.996451085870864,
      "ci_95_upper": 1.0087169141291363
    },
    "frac_rf": {
      "mean": 1e-05,
      "std": 0.0001,
      "ci_95_lower": -9.84216951508683e-06,
      "ci_95_upper": 2.9842169515086833e-05
    },
    "frac_vlc": {
      "mean": 0.42489,
      "std": 0.04414665527214006,
      "ci_95_lower": 0.41613034582566094,
      "ci_95_upper": 0.43364965417433904
    },
    "frac_dup": {
      "mean": 0.5751,
      "std": 0.04413855594842359,
      "ci_95_lower": 0.5663419529072022,
      "ci_95_upper": 0.5838580470927976
    },
    "num_switches": {
      "mean": 175.44,
      "std": 15.935044918846529,
      "ci_95_lower": 172.27814137489725,
      "ci_95_upper": 178.60185862510275
    }
  },
  "best_link": {
    "timely_delivery_ratio": {
      "mean": 0.58064,
      "std": 0.03641193055673767,
      "ci_95_lower": 0.5734150830152165,
      "ci_95_upper": 0.5878649169847836
    },
    "mean_latency_ms": {
      "mean": 2.0,
      "std": 0.0,
      "ci_95_lower": 2.0,
      "ci_95_upper": 2.0
    },
    "p95_latency_ms": {
      "mean": 2.0,
      "std": 0.0,
      "ci_95_lower": 2.0,
      "ci_95_upper": 2.0
    },
    "mean_k_total": {
      "mean": 2.0,
      "std": 0.0,
      "ci_95_lower": 2.0,
      "ci_95_upper": 2.0
    },
    "mean_energy": {
      "mean": 0.6917279999999999,
      "std": 0.031881770479207844,
      "ci_95_lower": 0.6854019650571046,
      "ci_95_upper": 0.6980540349428952
    },
    "frac_rf": {
      "mean": 0.06552000000000001,
      "std": 0.022772693199434178,
      "ci_95_lower": 0.061001403612217626,
      "ci_95_upper": 0.07003859638778238
    },
    "frac_vlc": {
      "mean": 0.9344799999999998,
      "std": 0.02277269319943415,
      "ci_95_lower": 0.9299614036122174,
      "ci_95_upper": 0.9389985963877822
    },
    "frac_dup": {
      "mean": 0.0,
      "std": 0.0,
      "ci_95_lower": 0.0,
      "ci_95_upper": 0.0
    },
    "num_switches": {
      "mean": 37.28,
      "std": 10.890715163279074,
      "ci_95_lower": 35.119045835896905,
      "ci_95_upper": 39.4409541641031
    }
  },
  "conditional_dup_balanced": {
    "timely_delivery_ratio": {
      "mean": 0.56735,
      "std": 0.03338159385171426,
      "ci_95_lower": 0.560726367561105,
      "ci_95_upper": 0.573973632438895
    },
    "mean_latency_ms": {
      "mean": 2.0,
      "std": 0.0,
      "ci_95_lower": 2.0,
      "ci_95_upper": 2.0
    },
    "p95_latency_ms": {
      "mean": 2.0,