{
  "rf_only": {
    "timely_delivery_ratio": {
      "mean": 0.33673000000000003,
      "std": 0.027005369836386246,
      "ci_95_lower": 0.33137154873888813,
      "ci_95_upper": 0.3420884512611119
    },
    "mean_latency_ms": {
      "mean": 2.0,
      "std": 0.0,
      "ci_95_lower": 2.0,
      "ci_95_upper": 2.0
    },
    "p95_latency_ms": {
      "mean": 2.0,
      "std": 0.0,
      "ci_95_lower": 2.0,
      "ci_95_upper": 2.0
    },
    "mean_k_total": {
      "mean": 2.0,
      "std": 0.0,
      "ci_95_lower": 2.0,
      "ci_95_upper": 2.0
    },
    "mean_energy": {
      "mean": 2.0,
      "std": 0.0,
      "ci_95_lower": 2.0,
      "ci_95_upper": 2.0
    },
    "frac_rf": {
      "mean": 1.0,
      "std": 0.0,
      "ci_95_lower": 1.0,
      "ci_95_upper": 1.0
    },
    "frac_vlc": {
      "mean": 0.0,
      "std": 0.0,
      "ci_95_lower": 0.0,
      "ci_95_upper": 0.0
    },
    "frac_dup": {
      "mean": 0.0,
      "std": 0.0,
      "ci_95_lower": 0.0,
      "ci_95_upper": 0.0
    },
    "num_switches": {
      "mean": 0.0,
      "std": 0.0,
      "ci_95_lower": 0.0,
      "ci_95_upper": 0.0
    }
  },
  "vlc_only": {
    "timely_delivery_ratio": {
      "mean": 0.57602,
      "std": 0.03257779500323382,
      "ci_95_lower": 0.5695558586911809,
      "ci_95_upper": 0.5824841413088191
    },
    "mean_latency_ms": {
      "mean": 2.0,
      "std": 0.0,
      "ci_95_lower": 2.0,
      "ci_95_upper": 2.0
    },
    "p95_latency_ms": {
      "mean": 2.0,
      "std": 0.0,
      "ci_95_lower": 2.0,
      "ci_95_upper": 2.0
    },
    "mean_k_total": {
      "mean": 2.0,
      "std": 0.0,
      "ci_95_lower": 2.0,
      "ci_95_upper": 2.0
    },
    "mean_energy": {
      "mean": 0.5999999999999998,
      "std": 0.0,
      "ci_95_lower": 0.5999999999999998,
      "ci_95_upper": 0.5999999999999998
    },
    "frac_rf": {
      "mean": 0.0,
      "std": 0.0,
      "ci_95_lower": 0.0,
      "ci_95_upper": 0.0
    },
    "frac_vlc": {
      "mean": 1.0,
      "std": 0.0,
      "ci_95_lower": 1.0,
      "ci_95_upper": 1.0
    },
    "frac_dup": {
      "mean": 0.0,
      "std": 0.0,
      "ci_95_lower": 0.0,
      "ci_95_upper": 0.0
    },
    "num_switches": {
      "mean": 0.0,
      "std": 0.0,
      "ci_95_lower": 0.0,
      "ci_95_upper": 0.0
    }
  },
  "always_dup": {
    "timely_delivery_ratio": {
      "mean": 0.5863700000000001,
      "std": 0.02354606703310072,
      "ci_95_lower": 0.5816979494651562,
      "ci_95_upper": 0.5910420505348439
    },
    "mean_latency_ms": {
      "mean": 2.0,
      "std": 0.0,
      "ci_95_lower": 2.0,
      "ci_95_upper": 2.0
    },
    "p95_latency_ms": {
      "mean": 2.0,
      "std": 0.0,
      "ci_95_lower": 2.0,
      "ci_95_upper": 2.0
    },
    "mean_k_total": {
      "mean": 2.0,
      "std": 0.0,
      "ci_95_lower": 2.0,
      "ci_95_upper": 2.0
    },
    "mean_energy": {
      "mean": 1.3000000000000005,
      "std": 0.0,
      "ci_95_lower": 1.3000000000000005,
      "ci_95_upper": 1.3000000000000005
    },
    "frac_rf": {
      "mean": 0.0,
      "std": 0.0,
      "ci_95_lower": 0.0,
      "ci_95_upper": 0.0
    },
    "frac_vlc": {
      "mean": 0.0,
      "std": 0.0,
      "ci_95_lower": 0.0,
      "ci_95_upper": 0.0
    },
    "frac_dup": {
      "mean": 1.0,
      "std": 0.0,
      "ci_95_lower": 1.0,
      "ci_95_upper": 1.0
    },
    "num_switches": {
      "mean": 0.0,
      "std": 0.0,
      "ci_95_lower": 0.0,
      "ci_95_upper": 0.0
    }
  },
  "oracle": {
    "timely_delivery_ratio": {
      "mean": 0.6917299999999998,
      "std": 0.025981288916013624,
      "ci_95_lower": 0.6865747486110799,
      "ci_95_upper": 0.6968852513889198
    },
    "mean_latency_ms": {
      "mean": 2.0,
      "std": 0.0,
      "ci_95_lower": 2.0,
      "ci_95_upper": 2.0
    },
    "p95_latency_ms": {
      "mean": 2.0,
      "std": 0.0,
      "ci_95_lower": 2.0,
      "ci_95_upper": 2.0
    },
    "mean_k_total": {
      "mean": 2.0,
      "std": 0.0,
      "ci_95_lower": 2.0,
      "ci_95_upper": 2.0
    },
    "mean_energy": {
      "mean": 1.0997089999999998,
      "std": 0.05009915238501517,
      "ci_95_lower": 1.0897682412581435,
      "ci_95_upper": 1.1096497587418561
    },
    "frac_rf": {
      "mean": 0.35351999999999995,
      "std": 0.03550458214844041,
      "ci_95_lower": 0.34647512062448316,
      "ci_95_upper": 0.36056487937551673
    },
    "frac_vlc": {
      "mean": 0.63965,
      "std": 0.03616666666666667,
      "ci_95_lower": 0.6324737486920436,
      "ci_95_upper": 0.6468262513079565
    },
    "frac_dup": {
      "mean": 0.00683,
      "std": 0.0038613730744648357,
      "ci_95_lower": 0.0060638198089547676,
      "ci_95_upper": 0.007596180191045233
    },
    "num_switches": {
      "mean": 151.54,
      "std": 13.095160645186157,
      "ci_95_lower": 148.94163602650923,
      "ci_95_upper": 154.13836397349075
    }
  },
  "threshold": {
    "timely_delivery_ratio": {
      "mean": 0.6368800000000001,
      "std": 0.02975871996812724,
      "ci_95_lower": 0.6309752243384044,
      "ci_95_upper": 0.6427847756615959
    },
    "mean_latency_ms": {
      "mean": 2.0,
      "std": 0.0,
      "ci_95_lower": 2.0,
      "ci_95_upper": 2.0
    },
    "p95_latency_ms": {
      "mean": 2.0,
      "std": 0.0,
      "ci_95_lower": 2.0,
      "ci_95_upper": 2.0
    },
    "mean_k_total": {
      "mean": 2.0,
      "std": 0.0,
      "ci_95_lower": 2.0,
      "ci_95_upper": 2.0
    },
    "mean_energy": {
      "mean": 0.9269419999999998,
      "std": 0.03189758605223282,
      "ci_95_lower": 0.9206128269042951,
      "ci_95_upper": 0.9332711730957045
    },
    "frac_rf": {
      "mean": 0.0184,
      "std": 0.01267543556122103,
      "ci_95_lower": 0.015884918589166925,
      "ci_95_upper": 0.020915081410833074
    },
    "frac_vlc": {
      "mean": 0.5513399999999998,
      "std": 0.04030745977026228,
      "ci_95_lower": 0.5433421255051589,
      "ci_95_upper": 0.5593378744948407
    },
    "frac_dup": {
      "mean": 0.43026000000000003,
      "std": 0.03865585533286195,
      "ci_95_lower": 0.4225898396573468,
      "ci_95_upper": 0.43793016034265325
    },
    "num_switches": {
      "mean": 183.21,
      "std": 17.021255280182228,
      "ci_95_lower": 179.8326136737106,
      "ci_95_upper": 186.58738632628942
    }
  },
  "best_link": {
    "timely_delivery_ratio": {
      "mean": 0.57708,
      "std": 0.030745511292649925,
      "ci_95_lower": 0.5709794235310323,
      "ci_95_upper": 0.5831805764689678
    },
    "mean_latency_ms": {
      "mean": 2.0,
      "std": 0.0,
      "ci_95_lower": 2.0,
      "ci_95_upper": 2.0
    },
    "p95_latency_ms": {
      "mean": 2.0,
      "std": 0.0,
      "ci_95_lower": 2.0,
      "ci_95_upper": 2.0
    },
    "mean_k_total": {
      "mean": 2.0,
      "std": 0.0,
      "ci_95_lower": 2.0,
      "ci_95_upper": 2.0
    },
    "mean_energy": {
      "mean": 0.6513519999999998,
      "std": 0.0232618492885504,
      "ci_95_lower": 0.6467363444318216,
      "ci_95_upper": 0.655967655568178
    },
    "frac_rf": {
      "mean": 0.03668,
      "std": 0.01661560663467885,
      "ci_95_lower": 0.03338310316558701,
      "ci_95_upper": 0.03997689683441299
    },
    "frac_vlc": {
      "mean": 0.9633199999999998,
      "std": 0.016615606634678846,
      "ci_95_lower": 0.9600231031655868,
      "ci_95_upper": 0.9666168968344129
    },
    "frac_dup": {
      "mean": 0.0,
      "std": 0.0,
      "ci_95_lower": 0.0,
      "ci_95_upper": 0.0
    },
    "num_switches": {
      "mean": 32.1,
      "std": 8.478731561317936,
      "ci_95_lower": 30.41763571087413,
      "ci_95_upper": 33.78236428912587
    }
  },
  "conditional_dup_balanced": {
    "timely_delivery_ratio": {
      "mean": 0.5667500000000001,
      "std": 0.02898149008723959,
      "ci_95_lower": 0.5609994436088919,
      "ci_95_upper": 0.5725005563911083
    },
    "mean_latency_ms": {
      "mean": 2.0,
      "std": 0.0,
      "ci_95_lower": 2.0,
      "ci_95_upper": 2.0
    },