{
  "rf_only": {
    "timely_delivery_ratio": {
      "mean": 0.14776,
      "std": 0.01927426713878828,
      "ci_95_lower": 0.14393556724153095,
      "ci_95_upper": 0.15158443275846906
    },
    "mean_latency_ms": {
      "mean": 2.0,
      "std": 0.0,
      "ci_95_lower": 2.0,
      "ci_95_upper": 2.0
    },
    "p95_latency_ms": {
      "mean": 2.0,
      "std": 0.0,
      "ci_95_lower": 2.0,
      "ci_95_upper": 2.0
    },
    "mean_k_total": {
      "mean": 2.0,
      "std": 0.0,
      "ci_95_lower": 2.0,
      "ci_95_upper": 2.0
    },
    "mean_energy": {
      "mean": 2.0,
      "std": 0.0,
      "ci_95_lower": 2.0,
      "ci_95_upper": 2.0
    },
    "frac_rf": {
      "mean": 1.0,
      "std": 0.0,
      "ci_95_lower": 1.0,
      "ci_95_upper": 1.0
    },
    "frac_vlc": {
      "mean": 0.0,
      "std": 0.0,
      "ci_95_lower": 0.0,
      "ci_95_upper": 0.0
    },
    "frac_dup": {
      "mean": 0.0,
      "std": 0.0,
      "ci_95_lower": 0.0,
      "ci_95_upper": 0.0
    },
    "num_switches": {
      "mean": 0.0,
      "std": 0.0,
      "ci_95_lower": 0.0,
      "ci_95_upper": 0.0
    }
  },
  "vlc_only": {
    "timely_delivery_ratio": {
      "mean": 0.85709,
      "std": 0.0244119092479739,
      "ci_95_lower": 0.8522461475851478,
      "ci_95_upper": 0.8619338524148522
    },
    "mean_latency_ms": {
      "mean": 2.0,
      "std": 0.0,
      "ci_95_lower": 2.0,
      "ci_95_upper": 2.0
    },
    "p95_latency_ms": {
      "mean": 2.0,
      "std": 0.0,
      "ci_95_lower": 2.0,
      "ci_95_upper": 2.0
    },
    "mean_k_total": {
      "mean": 2.0,
      "std": 0.0,
      "ci_95_lower": 2.0,
      "ci_95_upper": 2.0
    },
    "mean_energy": {
      "mean": 0.5999999999999998,
      "std": 0.0,
      "ci_95_lower": 0.5999999999999998,
      "ci_95_upper": 0.5999999999999998
    },
    "frac_rf": {
      "mean": 0.0,
      "std": 0.0,
      "ci_95_lower": 0.0,
      "ci_95_upper": 0.0
    },
    "frac_vlc": {
      "mean": 1.0,
      "std": 0.0,
      "ci_95_lower": 1.0,
      "ci_95_upper": 1.0
    },
    "frac_dup": {
      "mean": 0.0,
      "std": 0.0,
      "ci_95_lower": 0.0,
      "ci_95_upper": 0.0
    },
    "num_switches": {
      "mean": 0.0,
      "std": 0.0,
      "ci_95_lower": 0.0,
      "ci_95_upper": 0.0
    }
  },
  "always_dup": {
    "timely_delivery_ratio": {
      "mean": 0.8674499999999999,
      "std": 0.021658215134869343,
      "ci_95_lower": 0.863152540238997,
      "ci_95_upper": 0.8717474597610029
    },
    "mean_latency_ms": {
      "mean": 2.0,
      "std": 0.0,
      "ci_95_lower": 2.0,
      "ci_95_upper": 2.0
    },
    "p95_latency_ms": {
      "mean": 2.0,
      "std": 0.0,
      "ci_95_lower": 2.0,
      "ci_95_upper": 2.0
    },
    "mean_k_total": {
      "mean": 2.0,
      "std": 0.0,
      "ci_95_lower": 2.0,
      "ci_95_upper": 2.0
    },
    "mean_energy": {
      "mean": 1.3000000000000005,
      "std": 0.0,
      "ci_95_lower": 1.3000000000000005,
      "ci_95_upper": 1.3000000000000005
    },
    "frac_rf": {
      "mean": 0.0,
      "std": 0.0,
      "ci_95_lower": 0.0,
      "ci_95_upper": 0.0
    },
    "frac_vlc": {
      "mean": 0.0,
      "std": 0.0,
      "ci_95_lower": 0.0,
      "ci_95_upper": 0.0
    },
    "frac_dup": {
      "mean": 1.0,
      "std": 0.0,
      "ci_95_lower": 1.0,
      "ci_95_upper": 1.0
    },
    "num_switches": {
      "mean": 0.0,
      "std": 0.0,
      "ci_95_lower": 0.0,
      "ci_95_upper": 0.0
    }
  },
  "oracle": {
    "timely_delivery_ratio": {
      "mean": 0.8773200000000001,
      "std": 0.021831253659916946,
      "ci_95_lower": 0.8729882056415308,
      "ci_95_upper": 0.8816517943584694
    },
    "mean_latency_ms": {
      "mean": 2.0,
      "std": 0.0,
      "ci_95_lower": 2.0,
      "ci_95_upper": 2.0
    },
    "p95_latency_ms": {
      "mean": 2.0,
      "std": 0.0,
      "ci_95_lower": 2.0,
      "ci_95_upper": 2.0
    },
    "mean_k_total": {
      "mean": 2.0,
      "std": 0.0,
      "ci_95_lower": 2.0,
      "ci_95_upper": 2.0
    },
    "mean_energy": {
      "mean": 0.7997659999999998,
      "std": 0.034133547051887744,
      "ci_95_lower": 0.7929931637324523,
      "ci_95_upper": 0.8065388362675472
    },
    "frac_rf": {
      "mean": 0.14269,
      "std": 0.024381105037062673,
      "ci_95_lower": 0.13785225980889465,
      "ci_95_upper": 0.14752774019110537
    },
    "frac_vlc": {
      "mean": 0.8573099999999999,
      "std": 0.02438110503706268,
      "ci_95_lower": 0.8524722598088945,
      "ci_95_upper": 0.8621477401911053
    },
    "frac_dup": {
      "mean": 0.0,
      "std": 0.0,
      "ci_95_lower": 0.0,
      "ci_95_upper": 0.0
    },
    "num_switches": {
      "mean": 85.18,
      "std": 9.716569207890055,
      "ci_95_lower": 83.25202186671973,
      "ci_95_upper": 87.10797813328028
    }
  },
  "threshold": {
    "timely_delivery_ratio": {
      "mean": 0.8706100000000001,
      "std": 0.01978158259849324,
      "ci_95_lower": 0.8666849048480402,
      "ci_95_upper": 0.87453509515196
    },
    "mean_latency_ms": {
      "mean": 2.0,
      "std": 0.0,
      "ci_95_lower": 2.0,
      "ci_95_upper": 2.0
    },
    "p95_latency_ms": {
      "mean": 2.0,
      "std": 0.0,
      "ci_95_lower": 2.0,
      "ci_95_upper": 2.0
    },
    "mean_k_total": {
      "mean": 2.0,
      "std": 0.0,
      "ci_95_lower": 2.0,
      "ci_95_upper": 2.0
    },
    "mean_energy": {
      "mean": 0.6981679999999999,
      "std": 0.015215415362272078,
      "ci_95_lower": 0.6951489314913933,
      "ci_95_upper": 0.7011870685086065
    },
    "frac_rf": {
      "mean": 1e-05,
      "std": 0.0001,
      "ci_95_lower": -9.84216951508683e-06,
      "ci_95_upper": 2.9842169515086833e-05
    },
    "frac_vlc": {
      "mean": 0.8597699999999999,
      "std": 0.02172828301611251,
      "ci_95_lower": 0.8554586372512251,
      "ci_95_upper": 0.8640813627487748
    },
    "frac_dup": {
      "mean": 0.14022,
      "std": 0.021720715801959542,
      "ci_95_lower": 0.13591013875068494,
      "ci_95_upper": 0.14452986124931508
    },
    "num_switches": {
      "mean": 85.52,
      "std": 10.834363587374865,
      "ci_95_lower": 83.37022721111224,
      "ci_95_upper": 87.66977278888776
    }
  },
  "best_link": {
    "timely_delivery_ratio": {
      "mean": 0.84785,
      "std": 0.025615799654103953,
      "ci_95_lower": 0.8427672696099877,
      "ci_95_upper": 0.8529327303900123
    },
    "mean_latency_ms": {
      "mean": 2.0,
      "std": 0.0,
      "ci_95_lower": 2.0,
      "ci_95_upper": 2.0
    },
    "p95_latency_ms": {
      "mean": 2.0,
      "std": 0.0,
      "ci_95_lower": 2.0,
      "ci_95_upper": 2.0
    },
    "mean_k_total": {
      "mean": 2.0,
      "std": 0.0,
      "ci_95_lower": 2.0,
      "ci_95_upper": 2.0
    },
    "mean_energy": {
      "mean": 0.6090719999999998,
      "std": 0.003655522458478999,
      "ci_95_lower": 0.6083466650371263,
      "ci_95_upper": 0.6097973349628734
    },
    "frac_rf": {
      "mean": 0.006480000000000001,
      "std": 0.0026110874703421517,
      "ci_95_lower": 0.005961903597947519,
      "ci_95_upper": 0.006998096402052484
    },
    "frac_vlc": {
      "mean": 0.9935199999999998,
      "std": 0.0026110874703421543,
      "ci_95_lower": 0.9930019035979474,
      "ci_95_upper": 0.9940380964020523
    },
    "frac_dup": {
      "mean": 0.0,
      "std": 0.0,
      "ci_95_lower": 0.0,
      "ci_95_upper": 0.0
    },
    "num_switches": {
      "mean": 12.84,
      "std": 5.14971804661148,
      "ci_95_lower": 11.818184215642333,
      "ci_95_upper": 13.861815784357667
    }
  },
  "conditional_dup_balanced": {
    "timely_delivery_ratio": {
      "mean": 0.86174,
      "std": 0.02456885603500268,
      "ci_95_lower": 0.856865005937617,
      "ci_95_upper": 0.8666149940623828
    },
    "mean_latency_ms": {
      "mean": 2.0,
      "std": 0.0,
      "ci_95_lower": 2.0,
      "ci_95_upper": 2.0
    },
    "p95_latency_ms": {
      "mean": 2.0,
      "std": 0.0,
      "ci_95_lower": 2.0,