{
  "rf_only": {
    "timely_delivery_ratio": {
      "mean": 0.14755,
      "std": 0.02038437458625423,
      "ci_95_lower": 0.14350529784000515,
      "ci_95_upper": 0.15159470215999482
    },
    "mean_latency_ms": {
      "mean": 2.0,
      "std": 0.0,
      "ci_95_lower": 2.0,
      "ci_95_upper": 2.0
    },
    "p95_latency_ms": {
      "mean": 2.0,
      "std": 0.0,
      "ci_95_lower": 2.0,
      "ci_95_upper": 2.0
    },
    "mean_k_total": {
      "mean": 2.0,
      "std": 0.0,
      "ci_95_lower": 2.0,
      "ci_95_upper": 2.0
    },
    "mean_energy": {
      "mean": 2.0,
      "std": 0.0,
      "ci_95_lower": 2.0,
      "ci_95_upper": 2.0
    },
    "frac_rf": {
      "mean": 1.0,
      "std": 0.0,
      "ci_95_lower": 1.0,
      "ci_95_upper": 1.0
    },
    "frac_vlc": {
      "mean": 0.0,
      "std": 0.0,
      "ci_95_lower": 0.0,
      "ci_95_upper": 0.0
    },
    "frac_dup": {
      "mean": 0.0,
      "std": 0.0,
      "ci_95_lower": 0.0,
      "ci_95_upper": 0.0
    },
    "num_switches": {
      "mean": 0.0,
      "std": 0.0,
      "ci_95_lower": 0.0,
      "ci_95_upper": 0.0
    }
  },
  "vlc_only": {
    "timely_delivery_ratio": {
      "mean": 0.85706,
      "std": 0.024337201851063205,
      "ci_95_lower": 0.8522309711534832,
      "ci_95_upper": 0.8618890288465169
    },
    "mean_latency_ms": {
      "mean": 2.0,
      "std": 0.0,
      "ci_95_lower": 2.0,
      "ci_95_upper": 2.0
    },
    "p95_latency_ms": {
      "mean": 2.0,
      "std": 0.0,
      "ci_95_lower": 2.0,
      "ci_95_upper": 2.0
    },
    "mean_k_total": {
      "mean": 2.0,
      "std": 0.0,
      "ci_95_lower": 2.0,
      "ci_95_upper": 2.0
    },
    "mean_energy": {
      "mean": 0.5999999999999998,
      "std": 0.0,
      "ci_95_lower": 0.5999999999999998,
      "ci_95_upper": 0.5999999999999998
    },
    "frac_rf": {
      "mean": 0.0,
      "std": 0.0,
      "ci_95_lower": 0.0,
      "ci_95_upper": 0.0
    },
    "frac_vlc": {
      "mean": 1.0,
      "std": 0.0,
      "ci_95_lower": 1.0,
      "ci_95_upper": 1.0
    },
    "frac_dup": {
      "mean": 0.0,
      "std": 0.0,
      "ci_95_lower": 0.0,
      "ci_95_upper": 0.0
    },
    "num_switches": {
      "mean": 0.0,
      "std": 0.0,
      "ci_95_lower": 0.0,
      "ci_95_upper": 0.0
    }
  },
  "always_dup": {
    "timely_delivery_ratio": {
      "mean": 0.8663299999999999,
      "std": 0.021948541747653427,
      "ci_95_lower": 0.8619749331403409,
      "ci_95_upper": 0.870685066859659
    },
    "mean_latency_ms": {
      "mean": 2.0,
      "std": 0.0,
      "ci_95_lower": 2.0,
      "ci_95_upper": 2.0
    },
    "p95_latency_ms": {
      "mean": 2.0,
      "std": 0.0,
      "ci_95_lower": 2.0,
      "ci_95_upper": 2.0
    },
    "mean_k_total": {
      "mean": 2.0,
      "std": 0.0,
      "ci_95_lower": 2.0,
      "ci_95_upper": 2.0
    },
    "mean_energy": {
      "mean": 1.3000000000000005,
      "std": 0.0,
      "ci_95_lower": 1.3000000000000005,
      "ci_95_upper": 1.3000000000000005
    },
    "frac_rf": {
      "mean": 0.0,
      "std": 0.0,
      "ci_95_lower": 0.0,
      "ci_95_upper": 0.0
    },
    "frac_vlc": {
      "mean": 0.0,
      "std": 0.0,
      "ci_95_lower": 0.0,
      "ci_95_upper": 0.0
    },
    "frac_dup": {
      "mean": 1.0,
      "std": 0.0,
      "ci_95_lower": 1.0,
      "ci_95_upper": 1.0
    },
    "num_switches": {
      "mean": 0.0,
      "std": 0.0,
      "ci_95_lower": 0.0,
      "ci_95_upper": 0.0
    }
  },
  "oracle": {
    "timely_delivery_ratio": {
      "mean": 0.8778599999999999,
      "std": 0.021235105296882745,
      "ci_95_lower": 0.8736464944102852,
      "ci_95_upper": 0.8820735055897145
    },
    "mean_latency_ms": {
      "mean": 2.0,
      "std": 0.0,
      "ci_95_lower": 2.0,
      "ci_95_upper": 2.0
    },
    "p95_latency_ms": {
      "mean": 2.0,
      "std": 0.0,
      "ci_95_lower": 2.0,
      "ci_95_upper": 2.0
    },
    "mean_k_total": {
      "mean": 2.0,
      "std": 0.0,
      "ci_95_lower": 2.0,
      "ci_95_upper": 2.0
    },
    "mean_energy": {
      "mean": 0.7997659999999998,
      "std": 0.034133547051887744,
      "ci_95_lower": 0.7929931637324523,
      "ci_95_upper": 0.8065388362675472
    },
    "frac_rf": {
      "mean": 0.14269,
      "std": 0.024381105037062673,
      "ci_95_lower": 0.13785225980889465,
      "ci_95_upper": 0.14752774019110537
    },
    "frac_vlc": {
      "mean": 0.8573099999999999,
      "std": 0.02438110503706268,
      "ci_95_lower": 0.8524722598088945,
      "ci_95_upper": 0.8621477401911053
    },
    "frac_dup": {
      "mean": 0.0,
      "std": 0.0,
      "ci_95_lower": 0.0,
      "ci_95_upper": 0.0
    },
    "num_switches": {
      "mean": 85.18,
      "std": 9.716569207890055,
      "ci_95_lower": 83.25202186671973,
      "ci_95_upper": 87.10797813328028
    }
  },
  "threshold": {
    "timely_delivery_ratio": {
      "mean": 0.8704299999999998,
      "std": 0.020176621635101876,
      "ci_95_lower": 0.8664265205327453,
      "ci_95_upper": 0.8744334794672544
    },
    "mean_latency_ms": {
      "mean": 2.0,
      "std": 0.0,
      "ci_95_lower": 2.0,
      "ci_95_upper": 2.0
    },
    "p95_latency_ms": {
      "mean": 2.0,
      "std": 0.0,
      "ci_95_lower": 2.0,
      "ci_95_upper": 2.0
    },
    "mean_k_total": {
      "mean": 2.0,
      "std": 0.0,
      "ci_95_lower": 2.0,
      "ci_95_upper": 2.0
    },
    "mean_energy": {
      "mean": 0.69807,
      "std": 0.015174170637812632,
      "ci_95_lower": 0.6950591153395367,
      "ci_95_upper": 0.7010808846604633
    },
    "frac_rf": {
      "mean": 0.0,
      "std": 0.0,
      "ci_95_lower": 0.0,
      "ci_95_upper": 0.0
    },
    "frac_vlc": {
      "mean": 0.8598999999999998,
      "std": 0.021677386625446608,
      "ci_95_lower": 0.8555987361993379,
      "ci_95_upper": 0.8642012638006616
    },
    "frac_dup": {
      "mean": 0.1401,
      "std": 0.021677386625446594,
      "ci_95_lower": 0.13579873619933813,
      "ci_95_upper": 0.14440126380066187
    },
    "num_switches": {
      "mean": 85.51,
      "std": 10.979774794842312,
      "ci_95_lower": 83.33137447283262,
      "ci_95_upper": 87.68862552716739
    }
  },
  "best_link": {
    "timely_delivery_ratio": {
      "mean": 0.8571099999999998,
      "std": 0.02419695907098305,
      "ci_95_lower": 0.8523087983636392,
      "ci_95_upper": 0.8619112016363605
    },
    "mean_latency_ms": {
      "mean": 2.0,
      "std": 0.0,
      "ci_95_lower": 2.0,
      "ci_95_upper": 2.0
    },
    "p95_latency_ms": {
      "mean": 2.0,
      "std": 0.0,
      "ci_95_lower": 2.0,
      "ci_95_upper": 2.0
    },
    "mean_k_total": {
      "mean": 2.0,
      "std": 0.0,
      "ci_95_lower": 2.0,
      "ci_95_upper": 2.0
    },
    "mean_energy": {
      "mean": 0.6001259999999998,
      "std": 0.0006322350924468222,
      "ci_95_lower": 0.6000005508412226,
      "ci_95_upper": 0.600251449158777
    },
    "frac_rf": {
      "mean": 9e-05,
      "std": 0.00045159649460485633,
      "ci_95_lower": 3.9345801631447187e-07,
      "ci_95_upper": 0.00017960654198368554
    },
    "frac_vlc": {
      "mean": 0.99991,
      "std": 0.0004515964946048567,
      "ci_95_lower": 0.9998203934580163,
      "ci_95_upper": 0.9999996065419836
    },
    "frac_dup": {
      "mean": 0.0,
      "std": 0.0,
      "ci_95_lower": 0.0,
      "ci_95_upper": 0.0
    },
    "num_switches": {
      "mean": 0.08,
      "std": 0.3938927711338647,
      "ci_95_lower": 0.001843128643945563,
      "ci_95_upper": 0.15815687135605444
    }
  },
  "conditional_dup_balanced": {
    "timely_delivery_ratio": {
      "mean": 0.8606199999999999,
      "std": 0.020983774395441548,
      "ci_95_lower": 0.8564563639137931,
      "ci_95_upper": 0.8647836360862068
    },
    "mean_latency_ms": {
      "mean": 2.0,
      "std": 0.0,
      "ci_95_lower": 2.0,
      "ci_95_upper": 2.0
    },
    "p95_latency_ms": {
      "mean": 2.0,
      "std": 0.0,
      "ci_95_lower": 2.0,
      "ci_95_upper": 2.0
    },