{
  "rf_only": {
    "timely_delivery_ratio": {
      "mean": 0.15209,
      "std": 0.01730597783099437,
      "ci_95_lower": 0.14865611854253075,
      "ci_95_upper": 0.15552388145746926
    },
    "mean_latency_ms": {
      "mean": 2.0,
      "std": 0.0,
      "ci_95_lower": 2.0,
      "ci_95_upper": 2.0
    },
    "p95_latency_ms": {
      "mean": 2.0,
      "std": 0.0,
      "ci_95_lower": 2.0,
      "ci_95_upper": 2.0
    },
    "mean_k_total": {
      "mean": 2.0,
      "std": 0.0,
      "ci_95_lower": 2.0,
      "ci_95_upper": 2.0
    },
    "mean_energy": {
      "mean": 2.0,
      "std": 0.0,
      "ci_95_lower": 2.0,
      "ci_95_upper": 2.0
    },
    "frac_rf": {
      "mean": 1.0,
      "std": 0.0,
      "ci_95_lower": 1.0,
      "ci_95_upper": 1.0
    },
    "frac_vlc": {
      "mean": 0.0,
      "std": 0.0,
      "ci_95_lower": 0.0,
      "ci_95_upper": 0.0
    },
    "frac_dup": {
      "mean": 0.0,
      "std": 0.0,
      "ci_95_lower": 0.0,
      "ci_95_upper": 0.0
    },
    "num_switches": {
      "mean": 0.0,
      "std": 0.0,
      "ci_95_lower": 0.0,
      "ci_95_upper": 0.0
    }
  },
  "vlc_only": {
    "timely_delivery_ratio": {
      "mean": 0.8569900000000003,
      "std": 0.024429446960336193,
      "ci_95_lower": 0.8521426677225321,
      "ci_95_upper": 0.8618373322774684
    },
    "mean_latency_ms": {
      "mean": 2.0,
      "std": 0.0,
      "ci_95_lower": 2.0,
      "ci_95_upper": 2.0
    },
    "p95_latency_ms": {
      "mean": 2.0,
      "std": 0.0,
      "ci_95_lower": 2.0,
      "ci_95_upper": 2.0
    },
    "mean_k_total": {
      "mean": 2.0,
      "std": 0.0,
      "ci_95_lower": 2.0,
      "ci_95_upper": 2.0
    },
    "mean_energy": {
      "mean": 0.5999999999999998,
      "std": 0.0,
      "ci_95_lower": 0.5999999999999998,
      "ci_95_upper": 0.5999999999999998
    },
    "frac_rf": {
      "mean": 0.0,
      "std": 0.0,
      "ci_95_lower": 0.0,
      "ci_95_upper": 0.0
    },
    "frac_vlc": {
      "mean": 1.0,
      "std": 0.0,
      "ci_95_lower": 1.0,
      "ci_95_upper": 1.0
    },
    "frac_dup": {
      "mean": 0.0,
      "std": 0.0,
      "ci_95_lower": 0.0,
      "ci_95_upper": 0.0
    },
    "num_switches": {
      "mean": 0.0,
      "std": 0.0,
      "ci_95_lower": 0.0,
      "ci_95_upper": 0.0
    }
  },
  "always_dup": {
    "timely_delivery_ratio": {
      "mean": 0.8669099999999998,
      "std": 0.022318219671222213,
      "ci_95_lower": 0.8624815810200864,
      "ci_95_upper": 0.8713384189799133
    },
    "mean_latency_ms": {
      "mean": 2.0,
      "std": 0.0,
      "ci_95_lower": 2.0,
      "ci_95_upper": 2.0
    },
    "p95_latency_ms": {
      "mean": 2.0,
      "std": 0.0,
      "ci_95_lower": 2.0,
      "ci_95_upper": 2.0
    },
    "mean_k_total": {
      "mean": 2.0,
      "std": 0.0,
      "ci_95_lower": 2.0,
      "ci_95_upper": 2.0
    },
    "mean_energy": {
      "mean": 1.3000000000000005,
      "std": 0.0,
      "ci_95_lower": 1.3000000000000005,
      "ci_95_upper": 1.3000000000000005
    },
    "frac_rf": {
      "mean": 0.0,
      "std": 0.0,
      "ci_95_lower": 0.0,
      "ci_95_upper": 0.0
    },
    "frac_vlc": {
      "mean": 0.0,
      "std": 0.0,
      "ci_95_lower": 0.0,
      "ci_95_upper": 0.0
    },
    "frac_dup": {
      "mean": 1.0,
      "std": 0.0,
      "ci_95_lower": 1.0,
      "ci_95_upper": 1.0
    },
    "num_switches": {
      "mean": 0.0,
      "std": 0.0,
      "ci_95_lower": 0.0,
      "ci_95_upper": 0.0
    }
  },
  "oracle": {
    "timely_delivery_ratio": {
      "mean": 0.87728,
      "std": 0.021786419641787895,
      "ci_95_lower": 0.8729571016834082,
      "ci_95_upper": 0.8816028983165917
    },
    "mean_latency_ms": {
      "mean": 2.0,
      "std": 0.0,
      "ci_95_lower": 2.0,
      "ci_95_upper": 2.0
    },
    "p95_latency_ms": {
      "mean": 2.0,
      "std": 0.0,
      "ci_95_lower": 2.0,
      "ci_95_upper": 2.0
    },
    "mean_k_total": {
      "mean": 2.0,
      "std": 0.0,
      "ci_95_lower": 2.0,
      "ci_95_upper": 2.0
    },
    "mean_energy": {
      "mean": 0.7997659999999998,
      "std": 0.034133547051887744,
      "ci_95_lower": 0.7929931637324523,
      "ci_95_upper": 0.8065388362675472
    },
    "frac_rf": {
      "mean": 0.14269,
      "std": 0.024381105037062673,
      "ci_95_lower": 0.13785225980889465,
      "ci_95_upper": 0.14752774019110537
    },
    "frac_vlc": {
      "mean": 0.8573099999999999,
      "std": 0.02438110503706268,
      "ci_95_lower": 0.8524722598088945,
      "ci_95_upper": 0.8621477401911053
    },
    "frac_dup": {
      "mean": 0.0,
      "std": 0.0,
      "ci_95_lower": 0.0,
      "ci_95_upper": 0.0
    },
    "num_switches": {
      "mean": 85.18,
      "std": 9.716569207890055,
      "ci_95_lower": 83.25202186671973,
      "ci_95_upper": 87.10797813328028
    }
  },
  "threshold": {
    "timely_delivery_ratio": {
      "mean": 0.87031,
      "std": 0.020138758550605755,
      "ci_95_lower": 0.8663140333901548,
      "ci_95_upper": 0.8743059666098453
    },
    "mean_latency_ms": {
      "mean": 2.0,
      "std": 0.0,
      "ci_95_lower": 2.0,
      "ci_95_upper": 2.0
    },
    "p95_latency_ms": {
      "mean": 2.0,
      "std": 0.0,
      "ci_95_lower": 2.0,
      "ci_95_upper": 2.0
    },
    "mean_k_total": {
      "mean": 2.0,
      "std": 0.0,
      "ci_95_lower": 2.0,
      "ci_95_upper": 2.0
    },
    "mean_energy": {
      "mean": 0.69807,
      "std": 0.015174170637812632,
      "ci_95_lower": 0.6950591153395367,
      "ci_95_upper": 0.7010808846604633
    },
    "frac_rf": {
      "mean": 0.0,
      "std": 0.0,
      "ci_95_lower": 0.0,
      "ci_95_upper": 0.0
    },
    "frac_vlc": {
      "mean": 0.8598999999999998,
      "std": 0.021677386625446608,
      "ci_95_lower": 0.8555987361993379,
      "ci_95_upper": 0.8642012638006616
    },
    "frac_dup": {
      "mean": 0.1401,
      "std": 0.021677386625446594,
      "ci_95_lower": 0.13579873619933813,
      "ci_95_upper": 0.14440126380066187
    },
    "num_switches": {
      "mean": 85.51,
      "std": 10.979774794842312,
      "ci_95_lower": 83.33137447283262,
      "ci_95_upper": 87.68862552716739
    }
  },
  "best_link": {
    "timely_delivery_ratio": {
      "mean": 0.83088,
      "std": 0.023624708859303813,
      "ci_95_lower": 0.8261923452206912,
      "ci_95_upper": 0.8355676547793087
    },
    "mean_latency_ms": {
      "mean": 2.0,
      "std": 0.0,
      "ci_95_lower": 2.0,
      "ci_95_upper": 2.0
    },
    "p95_latency_ms": {
      "mean": 2.0,
      "std": 0.0,
      "ci_95_lower": 2.0,
      "ci_95_upper": 2.0
    },
    "mean_k_total": {
      "mean": 2.0,
      "std": 0.0,
      "ci_95_lower": 2.0,
      "ci_95_upper": 2.0
    },
    "mean_energy": {
      "mean": 0.6560139999999999,
      "std": 0.008511204973504634,
      "ci_95_lower": 0.6543251922813805,
      "ci_95_upper": 0.6577028077186192
    },
    "frac_rf": {
      "mean": 0.040010000000000004,
      "std": 0.006079432123931885,
      "ci_95_lower": 0.0388037087724148,
      "ci_95_upper": 0.04121629122758521
    },
    "frac_vlc": {
      "mean": 0.9599899999999998,
      "std": 0.00607943212393189,
      "ci_95_lower": 0.9587837087724146,
      "ci_95_upper": 0.961196291227585
    },
    "frac_dup": {
      "mean": 0.0,
      "std": 0.0,
      "ci_95_lower": 0.0,
      "ci_95_upper": 0.0
    },
    "num_switches": {
      "mean": 76.58,
      "std": 11.538411913905202,
      "ci_95_lower": 74.29052874869396,
      "ci_95_upper": 78.86947125130604
    }
  },
  "conditional_dup_balanced": {
    "timely_delivery_ratio": {
      "mean": 0.8661399999999999,
      "std": 0.02240626716079251,
      "ci_95_lower": 0.8616941104879522,
      "ci_95_upper": 0.8705858895120476
    },
    "mean_latency_ms": {
      "mean": 2.0,
      "std": 0.0,
      "ci_95_lower": 2.0,
      "ci_95_upper": 2.0
    },
    "p95_latency_ms": {
      "mean": 2.0,
      "std": 0.0,
      "ci_95_lower": 2.0,
      "ci_95_upper": 2.0
    },