{
  "rf_only": {
    "timely_delivery_ratio": {
      "mean": 0.14892000000000002,
      "std": 0.017987470386607755,
      "ci_95_lower": 0.14535089563441328,
      "ci_95_upper": 0.15248910436558677
    },
    "mean_latency_ms": {
      "mean": 2.0,
      "std": 0.0,
      "ci_95_lower": 2.0,
      "ci_95_upper": 2.0
    },
    "p95_latency_ms": {
      "mean": 2.0,
      "std": 0.0,
      "ci_95_lower": 2.0,
      "ci_95_upper": 2.0
    },
    "mean_k_total": {
      "mean": 2.0,
      "std": 0.0,
      "ci_95_lower": 2.0,
      "ci_95_upper": 2.0
    },
    "mean_energy": {
      "mean": 2.0,
      "std": 0.0,
      "ci_95_lower": 2.0,
      "ci_95_upper": 2.0
    },
    "frac_rf": {
      "mean": 1.0,
      "std": 0.0,
      "ci_95_lower": 1.0,
      "ci_95_upper": 1.0
    },
    "frac_vlc": {
      "mean": 0.0,
      "std": 0.0,
      "ci_95_lower": 0.0,
      "ci_95_upper": 0.0
    },
    "frac_dup": {
      "mean": 0.0,
      "std": 0.0,
      "ci_95_lower": 0.0,
      "ci_95_upper": 0.0
    },
    "num_switches": {
      "mean": 0.0,
      "std": 0.0,
      "ci_95_lower": 0.0,
      "ci_95_upper": 0.0
    }
  },
  "vlc_only": {
    "timely_delivery_ratio": {
      "mean": 0.7489400000000002,
      "std": 0.023424419615935745,
      "ci_95_lower": 0.744292086951881,
      "ci_95_upper": 0.7535879130481193
    },
    "mean_latency_ms": {
      "mean": 2.0,
      "std": 0.0,
      "ci_95_lower": 2.0,
      "ci_95_upper": 2.0
    },
    "p95_latency_ms": {
      "mean": 2.0,
      "std": 0.0,
      "ci_95_lower": 2.0,
      "ci_95_upper": 2.0
    },
    "mean_k_total": {
      "mean": 2.0,
      "std": 0.0,
      "ci_95_lower": 2.0,
      "ci_95_upper": 2.0
    },
    "mean_energy": {
      "mean": 0.5999999999999998,
      "std": 0.0,
      "ci_95_lower": 0.5999999999999998,
      "ci_95_upper": 0.5999999999999998
    },
    "frac_rf": {
      "mean": 0.0,
      "std": 0.0,
      "ci_95_lower": 0.0,
      "ci_95_upper": 0.0
    },
    "frac_vlc": {
      "mean": 1.0,
      "std": 0.0,
      "ci_95_lower": 1.0,
      "ci_95_upper": 1.0
    },
    "frac_dup": {
      "mean": 0.0,
      "std": 0.0,
      "ci_95_lower": 0.0,
      "ci_95_upper": 0.0
    },
    "num_switches": {
      "mean": 0.0,
      "std": 0.0,
      "ci_95_lower": 0.0,
      "ci_95_upper": 0.0
    }
  },
  "always_dup": {
    "timely_delivery_ratio": {
      "mean": 0.7704799999999998,
      "std": 0.024309236719794198,
      "ci_95_lower": 0.7656565200422345,
      "ci_95_upper": 0.7753034799577652
    },
    "mean_latency_ms": {
      "mean": 2.0,
      "std": 0.0,
      "ci_95_lower": 2.0,
      "ci_95_upper": 2.0
    },
    "p95_latency_ms": {
      "mean": 2.0,
      "std": 0.0,
      "ci_95_lower": 2.0,
      "ci_95_upper": 2.0
    },
    "mean_k_total": {
      "mean": 2.0,
      "std": 0.0,
      "ci_95_lower": 2.0,
      "ci_95_upper": 2.0
    },
    "mean_energy": {
      "mean": 1.3000000000000005,
      "std": 0.0,
      "ci_95_lower": 1.3000000000000005,
      "ci_95_upper": 1.3000000000000005
    },
    "frac_rf": {
      "mean": 0.0,
      "std": 0.0,
      "ci_95_lower": 0.0,
      "ci_95_upper": 0.0
    },
    "frac_vlc": {
      "mean": 0.0,
      "std": 0.0,
      "ci_95_lower": 0.0,
      "ci_95_upper": 0.0
    },
    "frac_dup": {
      "mean": 1.0,
      "std": 0.0,
      "ci_95_lower": 1.0,
      "ci_95_upper": 1.0
    },
    "num_switches": {
      "mean": 0.0,
      "std": 0.0,
      "ci_95_lower": 0.0,
      "ci_95_upper": 0.0
    }
  },
  "oracle": {
    "timely_delivery_ratio": {
      "mean": 0.7854800000000002,
      "std": 0.022681136201564932,
      "ci_95_lower": 0.7809795705069379,
      "ci_95_upper": 0.7899804294930625
    },
    "mean_latency_ms": {
      "mean": 2.0,
      "std": 0.0,
      "ci_95_lower": 2.0,
      "ci_95_upper": 2.0
    },
    "p95_latency_ms": {
      "mean": 2.0,
      "std": 0.0,
      "ci_95_lower": 2.0,
      "ci_95_upper": 2.0
    },
    "mean_k_total": {
      "mean": 2.0,
      "std": 0.0,
      "ci_95_lower": 2.0,
      "ci_95_upper": 2.0
    },
    "mean_energy": {
      "mean": 0.9510919999999998,
      "std": 0.03278981635455829,
      "ci_95_lower": 0.9445857890552427,
      "ci_95_upper": 0.957598210944757
    },
    "frac_rf": {
      "mean": 0.25077999999999995,
      "std": 0.023421297396113042,
      "ci_95_lower": 0.2461327064680306,
      "ci_95_upper": 0.2554272935319693
    },
    "frac_vlc": {
      "mean": 0.7492200000000002,
      "std": 0.023421297396113067,
      "ci_95_lower": 0.7445727064680309,
      "ci_95_upper": 0.7538672935319696
    },
    "frac_dup": {
      "mean": 0.0,
      "std": 0.0,
      "ci_95_lower": 0.0,
      "ci_95_upper": 0.0
    },
    "num_switches": {
      "mean": 151.08,
      "std": 12.334299716439094,
      "ci_95_lower": 148.6326073417653,
      "ci_95_upper": 153.52739265823473
    }
  },
  "threshold_belief": {
    "timely_delivery_ratio": {
      "mean": 0.7556199999999998,
      "std": 0.02720025995122367,
      "ci_95_lower": 0.7502228783119338,
      "ci_95_upper": 0.7610171216880659
    },
    "mean_latency_ms": {
      "mean": 2.0,
      "std": 0.0,
      "ci_95_lower": 2.0,
      "ci_95_upper": 2.0
    },
    "p95_latency_ms": {
      "mean": 2.0,
      "std": 0.0,
      "ci_95_lower": 2.0,
      "ci_95_upper": 2.0
    },
    "mean_k_total": {
      "mean": 2.0,
      "std": 0.0,
      "ci_95_lower": 2.0,
      "ci_95_upper": 2.0
    },
    "mean_energy": {
      "mean": 0.6986369999999998,
      "std": 0.01039368159853463,
      "ci_95_lower": 0.6965746680783602,
      "ci_95_upper": 0.7006993319216395
    },
    "frac_rf": {
      "mean": 0.0021100000000000003,
      "std": 0.0025658794542490447,
      "ci_95_lower": 0.0016008738491351201,
      "ci_95_upper": 0.0026191261508648808
    },
    "frac_vlc": {
      "mean": 0.8612000000000001,
      "std": 0.014469054404263456,
      "ci_95_lower": 0.858329025697876,
      "ci_95_upper": 0.8640709743021242
    },
    "frac_dup": {
      "mean": 0.13669,
      "std": 0.014539875508338431,
      "ci_95_lower": 0.1338049732543529,
      "ci_95_upper": 0.13957502674564712
    },
    "num_switches": {
      "mean": 185.42,
      "std": 16.576227349168242,
      "ci_95_lower": 182.13091687017183,
      "ci_95_upper": 188.70908312982814
    }
  },
  "best_link": {
    "timely_delivery_ratio": {
      "mean": 0.7296199999999997,
      "std": 0.029662335400540224,
      "ci_95_lower": 0.723734349127691,
      "ci_95_upper": 0.7355056508723085
    },
    "mean_latency_ms": {
      "mean": 2.0,
      "std": 0.0,
      "ci_95_lower": 2.0,
      "ci_95_upper": 2.0
    },
    "p95_latency_ms": {
      "mean": 2.0,
      "std": 0.0,
      "ci_95_lower": 2.0,
      "ci_95_upper": 2.0
    },
    "mean_k_total": {
      "mean": 2.0,
      "std": 0.0,
      "ci_95_lower": 2.0,
      "ci_95_upper": 2.0
    },
    "mean_energy": {
      "mean": 0.7384179999999999,
      "std": 0.02605264437226821,
      "ci_95_lower": 0.7332485901404917,
      "ci_95_upper": 0.7435874098595081
    },
    "frac_rf": {
      "mean": 0.09886999999999999,
      "std": 0.018609031694477297,
      "ci_95_lower": 0.09517756438606556,
      "ci_95_upper": 0.10256243561393441
    },
    "frac_vlc": {
      "mean": 0.9011300000000001,
      "std": 0.018609031694477307,
      "ci_95_lower": 0.8974375643860657,
      "ci_95_upper": 0.9048224356139345
    },
    "frac_dup": {
      "mean": 0.0,
      "std": 0.0,
      "ci_95_lower": 0.0,
      "ci_95_upper": 0.0
    },
    "num_switches": {
      "mean": 112.86,
      "std": 16.240005473452825,
      "ci_95_lower": 109.63763058469812,
      "ci_95_upper": 116.08236941530188
    }
  },
  "conditional_dup_balanced": {
    "timely_delivery_ratio": {
      "mean": 0.7436500000000001,
      "std": 0.028139398671182692,
      "ci_95_lower": 0.738066532815138,
      "ci_95_upper": 0.7492334671848623
    },
    "mean_latency_ms": {
      "mean": 2.0,
      "std": 0.0,
      "ci_95_lower": 2.0,