{
  "rf_only": {
    "timely_delivery_ratio": {
      "mean": 0.48788,
      "std": 0.02855909344117594,
      "ci_95_lower": 0.4822132562674298,
      "ci_95_upper": 0.4935467437325702
    },
    "mean_latency_ms": {
      "mean": 2.0,
      "std": 0.0,
      "ci_95_lower": 2.0,
      "ci_95_upper": 2.0
    },
    "p95_latency_ms": {
      "mean": 2.0,
      "std": 0.0,
      "ci_95_lower": 2.0,
      "ci_95_upper": 2.0
    },
    "mean_k_total": {
      "mean": 2.0,
      "std": 0.0,
      "ci_95_lower": 2.0,
      "ci_95_upper": 2.0
    },
    "mean_energy": {
      "mean": 2.0,
      "std": 0.0,
      "ci_95_lower": 2.0,
      "ci_95_upper": 2.0
    },
    "frac_rf": {
      "mean": 1.0,
      "std": 0.0,
      "ci_95_lower": 1.0,
      "ci_95_upper": 1.0
    },
    "frac_vlc": {
      "mean": 0.0,
      "std": 0.0,
      "ci_95_lower": 0.0,
      "ci_95_upper": 0.0
    },
    "frac_dup": {
      "mean": 0.0,
      "std": 0.0,
      "ci_95_lower": 0.0,
      "ci_95_upper": 0.0
    },
    "num_switches": {
      "mean": 0.0,
      "std": 0.0,
      "ci_95_lower": 0.0,
      "ci_95_upper": 0.0
    }
  },
  "vlc_only": {
    "timely_delivery_ratio": {
      "mean": 0.64673,
      "std": 0.026950330295384198,
      "ci_95_lower": 0.6413824697779141,
      "ci_95_upper": 0.6520775302220859
    },
    "mean_latency_ms": {
      "mean": 2.0,
      "std": 0.0,
      "ci_95_lower": 2.0,
      "ci_95_upper": 2.0
    },
    "p95_latency_ms": {
      "mean": 2.0,
      "std": 0.0,
      "ci_95_lower": 2.0,
      "ci_95_upper": 2.0
    },
    "mean_k_total": {
      "mean": 2.0,
      "std": 0.0,
      "ci_95_lower": 2.0,
      "ci_95_upper": 2.0
    },
    "mean_energy": {
      "mean": 0.5999999999999998,
      "std": 0.0,
      "ci_95_lower": 0.5999999999999998,
      "ci_95_upper": 0.5999999999999998
    },
    "frac_rf": {
      "mean": 0.0,
      "std": 0.0,
      "ci_95_lower": 0.0,
      "ci_95_upper": 0.0
    },
    "frac_vlc": {
      "mean": 1.0,
      "std": 0.0,
      "ci_95_lower": 1.0,
      "ci_95_upper": 1.0
    },
    "frac_dup": {
      "mean": 0.0,
      "std": 0.0,
      "ci_95_lower": 0.0,
      "ci_95_upper": 0.0
    },
    "num_switches": {
      "mean": 0.0,
      "std": 0.0,
      "ci_95_lower": 0.0,
      "ci_95_upper": 0.0
    }
  },
  "always_dup": {
    "timely_delivery_ratio": {
      "mean": 0.67735,
      "std": 0.02216894497291471,
      "ci_95_lower": 0.672951200358768,
      "ci_95_upper": 0.681748799641232
    },
    "mean_latency_ms": {
      "mean": 2.0,
      "std": 0.0,
      "ci_95_lower": 2.0,
      "ci_95_upper": 2.0
    },
    "p95_latency_ms": {
      "mean": 2.0,
      "std": 0.0,
      "ci_95_lower": 2.0,
      "ci_95_upper": 2.0
    },
    "mean_k_total": {
      "mean": 2.0,
      "std": 0.0,
      "ci_95_lower": 2.0,
      "ci_95_upper": 2.0
    },
    "mean_energy": {
      "mean": 1.3000000000000005,
      "std": 0.0,
      "ci_95_lower": 1.3000000000000005,
      "ci_95_upper": 1.3000000000000005
    },
    "frac_rf": {
      "mean": 0.0,
      "std": 0.0,
      "ci_95_lower": 0.0,
      "ci_95_upper": 0.0
    },
    "frac_vlc": {
      "mean": 0.0,
      "std": 0.0,
      "ci_95_lower": 0.0,
      "ci_95_upper": 0.0
    },
    "frac_dup": {
      "mean": 1.0,
      "std": 0.0,
      "ci_95_lower": 1.0,
      "ci_95_upper": 1.0
    },
    "num_switches": {
      "mean": 0.0,
      "std": 0.0,
      "ci_95_lower": 0.0,
      "ci_95_upper": 0.0
    }
  },
  "oracle": {
    "timely_delivery_ratio": {
      "mean": 0.7754899999999999,
      "std": 0.019903045297672724,
      "ci_95_lower": 0.7715408040133711,
      "ci_95_upper": 0.7794391959866287
    },
    "mean_latency_ms": {
      "mean": 2.0,
      "std": 0.0,
      "ci_95_lower": 2.0,
      "ci_95_upper": 2.0
    },
    "p95_latency_ms": {
      "mean": 2.0,
      "std": 0.0,
      "ci_95_lower": 2.0,
      "ci_95_upper": 2.0
    },
    "mean_k_total": {
      "mean": 2.0,
      "std": 0.0,
      "ci_95_lower": 2.0,
      "ci_95_upper": 2.0
    },
    "mean_energy": {
      "mean": 1.0190689999999998,
      "std": 0.04277834979415536,
      "ci_95_lower": 1.0105808473180866,
      "ci_95_upper": 1.027557152681913
    },
    "frac_rf": {
      "mean": 0.28914999999999996,
      "std": 0.029723770374105053,
      "ci_95_lower": 0.28325215909609486,
      "ci_95_upper": 0.29504784090390507
    },
    "frac_vlc": {
      "mean": 0.6904799999999999,
      "std": 0.0318622286753707,
      "ci_95_lower": 0.6841578425749482,
      "ci_95_upper": 0.6968021574250516
    },
    "frac_dup": {
      "mean": 0.02037,
      "std": 0.007920890420306612,
      "ci_95_lower": 0.018798323495698488,
      "ci_95_upper": 0.02194167650430151
    },
    "num_switches": {
      "mean": 187.78,
      "std": 14.604261174206808,
      "ci_95_lower": 184.88219774138787,
      "ci_95_upper": 190.67780225861213
    }
  },
  "threshold_belief": {
    "timely_delivery_ratio": {
      "mean": 0.6230500000000001,
      "std": 0.021537552358988295,
      "ci_95_lower": 0.618776482351529,
      "ci_95_upper": 0.6273235176484712
    },
    "mean_latency_ms": {
      "mean": 2.0,
      "std": 0.0,
      "ci_95_lower": 2.0,
      "ci_95_upper": 2.0
    },
    "p95_latency_ms": {
      "mean": 2.0,
      "std": 0.0,
      "ci_95_lower": 2.0,
      "ci_95_upper": 2.0
    },
    "mean_k_total": {
      "mean": 2.0,
      "std": 0.0,
      "ci_95_lower": 2.0,
      "ci_95_upper": 2.0
    },
    "mean_energy": {
      "mean": 1.5257640000000003,
      "std": 0.05893297086135617,
      "ci_95_lower": 1.5140704200214132,
      "ci_95_upper": 1.5374575799785875
    },
    "frac_rf": {
      "mean": 0.48949000000000004,
      "std": 0.05055180261350477,
      "ci_95_lower": 0.4794594256324963,
      "ci_95_upper": 0.49952057436750374
    },
    "frac_vlc": {
      "mean": 0.16697000000000004,
      "std": 0.03913701779155077,
      "ci_95_lower": 0.15920436658665083,
      "ci_95_upper": 0.17473563341334925
    },
    "frac_dup": {
      "mean": 0.34354000000000007,
      "std": 0.03296107897616107,
      "ci_95_lower": 0.33699980683554853,
      "ci_95_upper": 0.3500801931644516
    },
    "num_switches": {
      "mean": 221.64,
      "std": 20.167741018214652,
      "ci_95_lower": 217.63828263980213,
      "ci_95_upper": 225.64171736019784
    }
  },
  "best_link": {
    "timely_delivery_ratio": {
      "mean": 0.6803100000000001,
      "std": 0.02442787569788069,
      "ci_95_lower": 0.6754629794950919,
      "ci_95_upper": 0.6851570205049082
    },
    "mean_latency_ms": {
      "mean": 2.0,
      "std": 0.0,
      "ci_95_lower": 2.0,
      "ci_95_upper": 2.0
    },
    "p95_latency_ms": {
      "mean": 2.0,
      "std": 0.0,
      "ci_95_lower": 2.0,
      "ci_95_upper": 2.0
    },
    "mean_k_total": {
      "mean": 2.0,
      "std": 0.0,
      "ci_95_lower": 2.0,
      "ci_95_upper": 2.0
    },
    "mean_energy": {
      "mean": 0.911724,
      "std": 0.04182958964294261,
      "ci_95_lower": 0.9034241019155821,
      "ci_95_upper": 0.9200238980844179
    },
    "frac_rf": {
      "mean": 0.22265999999999997,
      "std": 0.029878278316387563,
      "ci_95_lower": 0.2167315013682729,
      "ci_95_upper": 0.22858849863172703
    },
    "frac_vlc": {
      "mean": 0.7773399999999999,
      "std": 0.02987827831638757,
      "ci_95_lower": 0.7714115013682729,
      "ci_95_upper": 0.783268498631727
    },
    "frac_dup": {
      "mean": 0.0,
      "std": 0.0,
      "ci_95_lower": 0.0,
      "ci_95_upper": 0.0
    },
    "num_switches": {
      "mean": 167.93,
      "std": 16.274945111546103,
      "ci_95_lower": 164.70069780247968,
      "ci_95_upper": 171.15930219752033
    }
  },
  "conditional_dup_balanced": {
    "timely_delivery_ratio": {
      "mean": 0.6794000000000001,
      "std": 0.023609191841186313,
      "ci_95_lower": 0.6747154241337299,
      "ci_95_upper": 0.6840845758662704
    },
    "mean_latency_ms": {
      "mean": 2.0,
      "std": 0.0,
      "ci_95_lower": 2.0,