{
  "rf_only": {
    "timely_delivery_ratio": {
      "mean": 0.48771000000000003,
      "std": 0.02753447609338834,
      "ci_95_lower": 0.4822465625784589,
      "ci_95_upper": 0.4931734374215412
    },
    "mean_latency_ms": {
      "mean": 2.0,
      "std": 0.0,
      "ci_95_lower": 2.0,
      "ci_95_upper": 2.0
    },
    "p95_latency_ms": {
      "mean": 2.0,
      "std": 0.0,
      "ci_95_lower": 2.0,
      "ci_95_upper": 2.0
    },
    "mean_k_total": {
      "mean": 2.0,
      "std": 0.0,
      "ci_95_lower": 2.0,
      "ci_95_upper": 2.0
    },
    "mean_energy": {
      "mean": 2.0,
      "std": 0.0,
      "ci_95_lower": 2.0,
      "ci_95_upper": 2.0
    },
    "frac_rf": {
      "mean": 1.0,
      "std": 0.0,
      "ci_95_lower": 1.0,
      "ci_95_upper": 1.0
    },
    "frac_vlc": {
      "mean": 0.0,
      "std": 0.0,
      "ci_95_lower": 0.0,
      "ci_95_upper": 0.0
    },
    "frac_dup": {
      "mean": 0.0,
      "std": 0.0,
      "ci_95_lower": 0.0,
      "ci_95_upper": 0.0
    },
    "num_switches": {
      "mean": 0.0,
      "std": 0.0,
      "ci_95_lower": 0.0,
      "ci_95_upper": 0.0
    }
  },
  "vlc_only": {
    "timely_delivery_ratio": {
      "mean": 0.73964,
      "std": 0.030731985772073863,
      "ci_95_lower": 0.7335421072877527,
      "ci_95_upper": 0.7457378927122472
    },
    "mean_latency_ms": {
      "mean": 2.0,
      "std": 0.0,
      "ci_95_lower": 2.0,
      "ci_95_upper": 2.0
    },
    "p95_latency_ms": {
      "mean": 2.0,
      "std": 0.0,
      "ci_95_lower": 2.0,
      "ci_95_upper": 2.0
    },
    "mean_k_total": {
      "mean": 2.0,
      "std": 0.0,
      "ci_95_lower": 2.0,
      "ci_95_upper": 2.0
    },
    "mean_energy": {
      "mean": 0.5999999999999998,
      "std": 0.0,
      "ci_95_lower": 0.5999999999999998,
      "ci_95_upper": 0.5999999999999998
    },
    "frac_rf": {
      "mean": 0.0,
      "std": 0.0,
      "ci_95_lower": 0.0,
      "ci_95_upper": 0.0
    },
    "frac_vlc": {
      "mean": 1.0,
      "std": 0.0,
      "ci_95_lower": 1.0,
      "ci_95_upper": 1.0
    },
    "frac_dup": {
      "mean": 0.0,
      "std": 0.0,
      "ci_95_lower": 0.0,
      "ci_95_upper": 0.0
    },
    "num_switches": {
      "mean": 0.0,
      "std": 0.0,
      "ci_95_lower": 0.0,
      "ci_95_upper": 0.0
    }
  },
  "always_dup": {
    "timely_delivery_ratio": {
      "mean": 0.7359399999999999,
      "std": 0.022789692867831758,
      "ci_95_lower": 0.7314180305091971,
      "ci_95_upper": 0.7404619694908028
    },
    "mean_latency_ms": {
      "mean": 2.0,
      "std": 0.0,
      "ci_95_lower": 2.0,
      "ci_95_upper": 2.0
    },
    "p95_latency_ms": {
      "mean": 2.0,
      "std": 0.0,
      "ci_95_lower": 2.0,
      "ci_95_upper": 2.0
    },
    "mean_k_total": {
      "mean": 2.0,
      "std": 0.0,
      "ci_95_lower": 2.0,
      "ci_95_upper": 2.0
    },
    "mean_energy": {
      "mean": 1.3000000000000005,
      "std": 0.0,
      "ci_95_lower": 1.3000000000000005,
      "ci_95_upper": 1.3000000000000005
    },
    "frac_rf": {
      "mean": 0.0,
      "std": 0.0,
      "ci_95_lower": 0.0,
      "ci_95_upper": 0.0
    },
    "frac_vlc": {
      "mean": 0.0,
      "std": 0.0,
      "ci_95_lower": 0.0,
      "ci_95_upper": 0.0
    },
    "frac_dup": {
      "mean": 1.0,
      "std": 0.0,
      "ci_95_lower": 1.0,
      "ci_95_upper": 1.0
    },
    "num_switches": {
      "mean": 0.0,
      "std": 0.0,
      "ci_95_lower": 0.0,
      "ci_95_upper": 0.0
    }
  },
  "oracle": {
    "timely_delivery_ratio": {
      "mean": 0.8164800000000001,
      "std": 0.02064978782878256,
      "ci_95_lower": 0.8123826340945073,
      "ci_95_upper": 0.8205773659054929
    },
    "mean_latency_ms": {
      "mean": 2.0,
      "std": 0.0,
      "ci_95_lower": 2.0,
      "ci_95_upper": 2.0
    },
    "p95_latency_ms": {
      "mean": 2.0,
      "std": 0.0,
      "ci_95_lower": 2.0,
      "ci_95_upper": 2.0
    },
    "mean_k_total": {
      "mean": 2.0,
      "std": 0.0,
      "ci_95_lower": 2.0,
      "ci_95_upper": 2.0
    },
    "mean_energy": {
      "mean": 0.8761219999999998,
      "std": 0.048632706249721686,
      "ci_95_lower": 0.8664722159861559,
      "ci_95_upper": 0.8857717840138438
    },
    "frac_rf": {
      "mean": 0.18542999999999998,
      "std": 0.033277909984391944,
      "ci_95_lower": 0.17882694068981894,
      "ci_95_upper": 0.19203305931018103
    },
    "frac_vlc": {
      "mean": 0.7909700000000001,
      "std": 0.036647227629512336,
      "ci_95_lower": 0.7836983949711724,
      "ci_95_upper": 0.7982416050288277
    },
    "frac_dup": {
      "mean": 0.0236,
      "std": 0.008605847201792863,
      "ci_95_lower": 0.021892413210010904,
      "ci_95_upper": 0.025307586789989095
    },
    "num_switches": {
      "mean": 134.44,
      "std": 16.87764644418615,
      "ci_95_lower": 131.09110878238755,
      "ci_95_upper": 137.78889121761244
    }
  },
  "threshold": {
    "timely_delivery_ratio": {
      "mean": 0.76652,
      "std": 0.022007106290303776,
      "ci_95_lower": 0.7621533126645126,
      "ci_95_upper": 0.7708866873354874
    },
    "mean_latency_ms": {
      "mean": 2.0,
      "std": 0.0,
      "ci_95_lower": 2.0,
      "ci_95_upper": 2.0
    },
    "p95_latency_ms": {
      "mean": 2.0,
      "std": 0.0,
      "ci_95_lower": 2.0,
      "ci_95_upper": 2.0
    },
    "mean_k_total": {
      "mean": 2.0,
      "std": 0.0,
      "ci_95_lower": 2.0,
      "ci_95_upper": 2.0
    },
    "mean_energy": {
      "mean": 0.923498,
      "std": 0.0300337452633776,
      "ci_95_lower": 0.9175386533531112,
      "ci_95_upper": 0.9294573466468888
    },
    "frac_rf": {
      "mean": 0.00269,
      "std": 0.004448799633813393,
      "ci_95_lower": 0.0018072616352721848,
      "ci_95_upper": 0.0035727383647278154
    },
    "frac_vlc": {
      "mean": 0.54055,
      "std": 0.0425555786322695,
      "ci_95_lower": 0.532106049949659,
      "ci_95_upper": 0.5489939500503409
    },
    "frac_dup": {
      "mean": 0.45675999999999994,
      "std": 0.04266929916121299,
      "ci_95_lower": 0.44829348532953256,
      "ci_95_upper": 0.46522651467046733
    },
    "num_switches": {
      "mean": 179.9,
      "std": 17.41559732834422,
      "ci_95_lower": 176.44436765604502,
      "ci_95_upper": 183.355632343955
    }
  },
  "best_link": {
    "timely_delivery_ratio": {
      "mean": 0.74084,
      "std": 0.02704680567035039,
      "ci_95_lower": 0.735473326970473,
      "ci_95_upper": 0.7462066730295271
    },
    "mean_latency_ms": {
      "mean": 2.0,
      "std": 0.0,
      "ci_95_lower": 2.0,
      "ci_95_upper": 2.0
    },
    "p95_latency_ms": {
      "mean": 2.0,
      "std": 0.0,
      "ci_95_lower": 2.0,
      "ci_95_upper": 2.0
    },
    "mean_k_total": {
      "mean": 2.0,
      "std": 0.0,
      "ci_95_lower": 2.0,
      "ci_95_upper": 2.0
    },
    "mean_energy": {
      "mean": 0.7634779999999999,
      "std": 0.04683007662568658,
      "ci_95_lower": 0.7541858968118861,
      "ci_95_upper": 0.7727701031881137
    },
    "frac_rf": {
      "mean": 0.11677000000000001,
      "std": 0.03345005473263327,
      "ci_95_lower": 0.1101327834370616,
      "ci_95_upper": 0.12340721656293843
    },
    "frac_vlc": {
      "mean": 0.8832300000000001,
      "std": 0.033450054732633294,
      "ci_95_lower": 0.8765927834370616,
      "ci_95_upper": 0.8898672165629385
    },
    "frac_dup": {
      "mean": 0.0,
      "std": 0.0,
      "ci_95_lower": 0.0,
      "ci_95_upper": 0.0
    },
    "num_switches": {
      "mean": 47.72,
      "std": 10.713043121788175,
      "ci_95_lower": 45.594299823550436,
      "ci_95_upper": 49.84570017644956
    }
  },
  "conditional_dup_balanced": {
    "timely_delivery_ratio": {
      "mean": 0.7276499999999999,
      "std": 0.02725130892973471,
      "ci_95_lower": 0.722242749087082,
      "ci_95_upper": 0.7330572509129178
    },
    "mean_latency_ms": {
      "mean": 2.0,
      "std": 0.0,
      "ci_95_lower": 2.0,
      "ci_95_upper": 2.0
    },