{
  "rf_only": {
    "timely_delivery_ratio": {
      "mean": 0.49278000000000005,
      "std": 0.02868976518312108,
      "ci_95_lower": 0.4870873281588848,
      "ci_95_upper": 0.4984726718411153
    },
    "mean_latency_ms": {
      "mean": 2.0,
      "std": 0.0,
      "ci_95_lower": 2.0,
      "ci_95_upper": 2.0
    },
    "p95_latency_ms": {
      "mean": 2.0,
      "std": 0.0,
      "ci_95_lower": 2.0,
      "ci_95_upper": 2.0
    },
    "mean_k_total": {
      "mean": 2.0,
      "std": 0.0,
      "ci_95_lower": 2.0,
      "ci_95_upper": 2.0
    },
    "mean_energy": {
      "mean": 2.0,
      "std": 0.0,
      "ci_95_lower": 2.0,
      "ci_95_upper": 2.0
    },
    "frac_rf": {
      "mean": 1.0,
      "std": 0.0,
      "ci_95_lower": 1.0,
      "ci_95_upper": 1.0
    },
    "frac_vlc": {
      "mean": 0.0,
      "std": 0.0,
      "ci_95_lower": 0.0,
      "ci_95_upper": 0.0
    },
    "frac_dup": {
      "mean": 0.0,
      "std": 0.0,
      "ci_95_lower": 0.0,
      "ci_95_upper": 0.0
    },
    "num_switches": {
      "mean": 0.0,
      "std": 0.0,
      "ci_95_lower": 0.0,
      "ci_95_upper": 0.0
    }
  },
  "vlc_only": {
    "timely_delivery_ratio": {
      "mean": 0.73949,
      "std": 0.027831199337535886,
      "ci_95_lower": 0.7339676862493644,
      "ci_95_upper": 0.7450123137506356
    },
    "mean_latency_ms": {
      "mean": 2.0,
      "std": 0.0,
      "ci_95_lower": 2.0,
      "ci_95_upper": 2.0
    },
    "p95_latency_ms": {
      "mean": 2.0,
      "std": 0.0,
      "ci_95_lower": 2.0,
      "ci_95_upper": 2.0
    },
    "mean_k_total": {
      "mean": 2.0,
      "std": 0.0,
      "ci_95_lower": 2.0,
      "ci_95_upper": 2.0
    },
    "mean_energy": {
      "mean": 0.5999999999999998,
      "std": 0.0,
      "ci_95_lower": 0.5999999999999998,
      "ci_95_upper": 0.5999999999999998
    },
    "frac_rf": {
      "mean": 0.0,
      "std": 0.0,
      "ci_95_lower": 0.0,
      "ci_95_upper": 0.0
    },
    "frac_vlc": {
      "mean": 1.0,
      "std": 0.0,
      "ci_95_lower": 1.0,
      "ci_95_upper": 1.0
    },
    "frac_dup": {
      "mean": 0.0,
      "std": 0.0,
      "ci_95_lower": 0.0,
      "ci_95_upper": 0.0
    },
    "num_switches": {
      "mean": 0.0,
      "std": 0.0,
      "ci_95_lower": 0.0,
      "ci_95_upper": 0.0
    }
  },
  "always_dup": {
    "timely_delivery_ratio": {
      "mean": 0.7324600000000001,
      "std": 0.02351978320521264,
      "ci_95_lower": 0.7277931647468409,
      "ci_95_upper": 0.7371268352531594
    },
    "mean_latency_ms": {
      "mean": 2.0,
      "std": 0.0,
      "ci_95_lower": 2.0,
      "ci_95_upper": 2.0
    },
    "p95_latency_ms": {
      "mean": 2.0,
      "std": 0.0,
      "ci_95_lower": 2.0,
      "ci_95_upper": 2.0
    },
    "mean_k_total": {
      "mean": 2.0,
      "std": 0.0,
      "ci_95_lower": 2.0,
      "ci_95_upper": 2.0
    },
    "mean_energy": {
      "mean": 1.3000000000000005,
      "std": 0.0,
      "ci_95_lower": 1.3000000000000005,
      "ci_95_upper": 1.3000000000000005
    },
    "frac_rf": {
      "mean": 0.0,
      "std": 0.0,
      "ci_95_lower": 0.0,
      "ci_95_upper": 0.0
    },
    "frac_vlc": {
      "mean": 0.0,
      "std": 0.0,
      "ci_95_lower": 0.0,
      "ci_95_upper": 0.0
    },
    "frac_dup": {
      "mean": 1.0,
      "std": 0.0,
      "ci_95_lower": 1.0,
      "ci_95_upper": 1.0
    },
    "num_switches": {
      "mean": 0.0,
      "std": 0.0,
      "ci_95_lower": 0.0,
      "ci_95_upper": 0.0
    }
  },
  "oracle": {
    "timely_delivery_ratio": {
      "mean": 0.8176700000000001,
      "std": 0.02201058285406719,
      "ci_95_lower": 0.8133026228388375,
      "ci_95_upper": 0.8220373771611628
    },
    "mean_latency_ms": {
      "mean": 2.0,
      "std": 0.0,
      "ci_95_lower": 2.0,
      "ci_95_upper": 2.0
    },
    "p95_latency_ms": {
      "mean": 2.0,
      "std": 0.0,
      "ci_95_lower": 2.0,
      "ci_95_upper": 2.0
    },
    "mean_k_total": {
      "mean": 2.0,
      "std": 0.0,
      "ci_95_lower": 2.0,
      "ci_95_upper": 2.0
    },
    "mean_energy": {
      "mean": 0.8761219999999998,
      "std": 0.048632706249721686,
      "ci_95_lower": 0.8664722159861559,
      "ci_95_upper": 0.8857717840138438
    },
    "frac_rf": {
      "mean": 0.18542999999999998,
      "std": 0.033277909984391944,
      "ci_95_lower": 0.17882694068981894,
      "ci_95_upper": 0.19203305931018103
    },
    "frac_vlc": {
      "mean": 0.7909700000000001,
      "std": 0.036647227629512336,
      "ci_95_lower": 0.7836983949711724,
      "ci_95_upper": 0.7982416050288277
    },
    "frac_dup": {
      "mean": 0.0236,
      "std": 0.008605847201792863,
      "ci_95_lower": 0.021892413210010904,
      "ci_95_upper": 0.025307586789989095
    },
    "num_switches": {
      "mean": 134.44,
      "std": 16.87764644418615,
      "ci_95_lower": 131.09110878238755,
      "ci_95_upper": 137.78889121761244
    }
  },
  "threshold": {
    "timely_delivery_ratio": {
      "mean": 0.78475,
      "std": 0.026507241244306017,
      "ci_95_lower": 0.7794903882585318,
      "ci_95_upper": 0.7900096117414681
    },
    "mean_latency_ms": {
      "mean": 2.0,
      "std": 0.0,
      "ci_95_lower": 2.0,
      "ci_95_upper": 2.0
    },
    "p95_latency_ms": {
      "mean": 2.0,
      "std": 0.0,
      "ci_95_lower": 2.0,
      "ci_95_upper": 2.0
    },
    "mean_k_total": {
      "mean": 2.0,
      "std": 0.0,
      "ci_95_lower": 2.0,
      "ci_95_upper": 2.0
    },
    "mean_energy": {
      "mean": 0.9778319999999999,
      "std": 0.05436772453126097,
      "ci_95_lower": 0.9670442639370117,
      "ci_95_upper": 0.9886197360629881
    },
    "frac_rf": {
      "mean": 0.07178,
      "std": 0.023174602957164597,
      "ci_95_lower": 0.06718165599679107,
      "ci_95_upper": 0.07637834400320892
    },
    "frac_vlc": {
      "mean": 0.5320199999999999,
      "std": 0.05809535526210596,
      "ci_95_lower": 0.5204926211285009,
      "ci_95_upper": 0.543547378871499
    },
    "frac_dup": {
      "mean": 0.3962,
      "std": 0.04233106651053328,
      "ci_95_lower": 0.3878005980254358,
      "ci_95_upper": 0.4045994019745642
    },
    "num_switches": {
      "mean": 217.82,
      "std": 18.876194189261433,
      "ci_95_lower": 214.07455355096977,
      "ci_95_upper": 221.56544644903022
    }
  },
  "best_link": {
    "timely_delivery_ratio": {
      "mean": 0.7441399999999999,
      "std": 0.027488480599272246,
      "ci_95_lower": 0.7386856890823705,
      "ci_95_upper": 0.7495943109176293
    },
    "mean_latency_ms": {
      "mean": 2.0,
      "std": 0.0,
      "ci_95_lower": 2.0,
      "ci_95_upper": 2.0
    },
    "p95_latency_ms": {
      "mean": 2.0,
      "std": 0.0,
      "ci_95_lower": 2.0,
      "ci_95_upper": 2.0
    },
    "mean_k_total": {
      "mean": 2.0,
      "std": 0.0,
      "ci_95_lower": 2.0,
      "ci_95_upper": 2.0
    },
    "mean_energy": {
      "mean": 0.709746,
      "std": 0.037651167151614144,
      "ci_95_lower": 0.702275191589368,
      "ci_95_upper": 0.717216808410632
    },
    "frac_rf": {
      "mean": 0.07839,
      "std": 0.026893690822581535,
      "ci_95_lower": 0.07305370827812002,
      "ci_95_upper": 0.08372629172187998
    },
    "frac_vlc": {
      "mean": 0.9216100000000002,
      "std": 0.02689369082258152,
      "ci_95_lower": 0.9162737082781202,
      "ci_95_upper": 0.9269462917218801
    },
    "frac_dup": {
      "mean": 0.0,
      "std": 0.0,
      "ci_95_lower": 0.0,
      "ci_95_upper": 0.0
    },
    "num_switches": {
      "mean": 50.1,
      "std": 12.011358260943151,
      "ci_95_lower": 47.71668593279928,
      "ci_95_upper": 52.48331406720072
    }
  },
  "conditional_dup_balanced": {
    "timely_delivery_ratio": {
      "mean": 0.73063,
      "std": 0.024691083328999493,
      "ci_95_lower": 0.7257307533907486,
      "ci_95_upper": 0.7355292466092515
    },
    "mean_latency_ms": {
      "mean": 2.0,
      "std": 0.0,
      "ci_95_lower": 2.0,
      "ci_95_upper": 2.0
    },