{
  "rf_only": {
    "timely_delivery_ratio": {
      "mean": 0.465,
      "std": 0.051747248987533405,
      "ci_95_lower": 0.4279822480708699,
      "ci_95_upper": 0.5020177519291302
    },
    "mean_latency_ms": {
      "mean": 2.0,
      "std": 0.0,
      "ci_95_lower": 2.0,
      "ci_95_upper": 2.0
    },
    "p95_latency_ms": {
      "mean": 2.0,
      "std": 0.0,
      "ci_95_lower": 2.0,
      "ci_95_upper": 2.0
    },
    "mean_k_total": {
      "mean": 2.0,
      "std": 0.0,
      "ci_95_lower": 2.0,
      "ci_95_upper": 2.0
    },
    "mean_energy": {
      "mean": 2.0,
      "std": 0.0,
      "ci_95_lower": 2.0,
      "ci_95_upper": 2.0
    },
    "frac_rf": {
      "mean": 1.0,
      "std": 0.0,
      "ci_95_lower": 1.0,
      "ci_95_upper": 1.0
    },
    "frac_vlc": {
      "mean": 0.0,
      "std": 0.0,
      "ci_95_lower": 0.0,
      "ci_95_upper": 0.0
    },
    "frac_dup": {
      "mean": 0.0,
      "std": 0.0,
      "ci_95_lower": 0.0,
      "ci_95_upper": 0.0
    },
    "num_switches": {
      "mean": 0.0,
      "std": 0.0,
      "ci_95_lower": 0.0,
      "ci_95_upper": 0.0
    }
  },
  "vlc_only": {
    "timely_delivery_ratio": {
      "mean": 0.78,
      "std": 0.070789201938651,
      "ci_95_lower": 0.7293604555237828,
      "ci_95_upper": 0.8306395444762172
    },
    "mean_latency_ms": {
      "mean": 2.0,
      "std": 0.0,
      "ci_95_lower": 2.0,
      "ci_95_upper": 2.0
    },
    "p95_latency_ms": {
      "mean": 2.0,
      "std": 0.0,
      "ci_95_lower": 2.0,
      "ci_95_upper": 2.0
    },
    "mean_k_total": {
      "mean": 2.0,
      "std": 0.0,
      "ci_95_lower": 2.0,
      "ci_95_upper": 2.0
    },
    "mean_energy": {
      "mean": 0.5999999999999999,
      "std": 0.0,
      "ci_95_lower": 0.5999999999999999,
      "ci_95_upper": 0.5999999999999999
    },
    "frac_rf": {
      "mean": 0.0,
      "std": 0.0,
      "ci_95_lower": 0.0,
      "ci_95_upper": 0.0
    },
    "frac_vlc": {
      "mean": 1.0,
      "std": 0.0,
      "ci_95_lower": 1.0,
      "ci_95_upper": 1.0
    },
    "frac_dup": {
      "mean": 0.0,
      "std": 0.0,
      "ci_95_lower": 0.0,
      "ci_95_upper": 0.0
    },
    "num_switches": {
      "mean": 0.0,
      "std": 0.0,
      "ci_95_lower": 0.0,
      "ci_95_upper": 0.0
    }
  },
  "always_dup": {
    "timely_delivery_ratio": {
      "mean": 0.7104999999999999,
      "std": 0.06071106434031059,
      "ci_95_lower": 0.6670699208542563,
      "ci_95_upper": 0.7539300791457435
    },
    "mean_latency_ms": {
      "mean": 2.0,
      "std": 0.0,
      "ci_95_lower": 2.0,
      "ci_95_upper": 2.0
    },
    "p95_latency_ms": {
      "mean": 2.0,
      "std": 0.0,
      "ci_95_lower": 2.0,
      "ci_95_upper": 2.0
    },
    "mean_k_total": {
      "mean": 2.0,
      "std": 0.0,
      "ci_95_lower": 2.0,
      "ci_95_upper": 2.0
    },
    "mean_energy": {
      "mean": 1.3000000000000003,
      "std": 0.0,
      "ci_95_lower": 1.3000000000000003,
      "ci_95_upper": 1.3000000000000003
    },
    "frac_rf": {
      "mean": 0.0,
      "std": 0.0,
      "ci_95_lower": 0.0,
      "ci_95_upper": 0.0
    },
    "frac_vlc": {
      "mean": 0.0,
      "std": 0.0,
      "ci_95_lower": 0.0,
      "ci_95_upper": 0.0
    },
    "frac_dup": {
      "mean": 1.0,
      "std": 0.0,
      "ci_95_lower": 1.0,
      "ci_95_upper": 1.0
    },
    "num_switches": {
      "mean": 0.0,
      "std": 0.0,
      "ci_95_lower": 0.0,
      "ci_95_upper": 0.0
    }
  },
  "oracle": {
    "timely_delivery_ratio": {
      "mean": 0.7969999999999999,
      "std": 0.04385582439463808,
      "ci_95_lower": 0.7656274331514836,
      "ci_95_upper": 0.8283725668485162
    },
    "mean_latency_ms": {
      "mean": 2.0,
      "std": 0.0,
      "ci_95_lower": 2.0,
      "ci_95_upper": 2.0
    },
    "p95_latency_ms": {
      "mean": 2.0,
      "std": 0.0,
      "ci_95_lower": 2.0,
      "ci_95_upper": 2.0
    },
    "mean_k_total": {
      "mean": 2.0,
      "std": 0.0,
      "ci_95_lower": 2.0,
      "ci_95_upper": 2.0
    },
    "mean_energy": {
      "mean": 0.8502499999999997,
      "std": 0.06085148131128591,
      "ci_95_lower": 0.806719472604351,
      "ci_95_upper": 0.8937805273956485
    },
    "frac_rf": {
      "mean": 0.16549999999999998,
      "std": 0.03940177660969108,
      "ci_95_lower": 0.13731366699404762,
      "ci_95_upper": 0.19368633300595234
    },
    "frac_vlc": {
      "mean": 0.808,
      "std": 0.048430935935159826,
      "ci_95_lower": 0.7733545955153046,
      "ci_95_upper": 0.8426454044846955
    },
    "frac_dup": {
      "mean": 0.026500000000000003,
      "std": 0.015465014279549393,
      "ci_95_lower": 0.015436995233916055,
      "ci_95_upper": 0.03756300476608395
    },
    "num_switches": {
      "mean": 25.4,
      "std": 6.221825384170718,
      "ci_95_lower": 20.949174243579918,
      "ci_95_upper": 29.85082575642008
    }
  },
  "threshold": {
    "timely_delivery_ratio": {
      "mean": 0.7515,
      "std": 0.05582960186535852,
      "ci_95_lower": 0.7115619087470362,
      "ci_95_upper": 0.7914380912529637
    },
    "mean_latency_ms": {
      "mean": 2.0,
      "std": 0.0,
      "ci_95_lower": 2.0,
      "ci_95_upper": 2.0
    },
    "p95_latency_ms": {
      "mean": 2.0,
      "std": 0.0,
      "ci_95_lower": 2.0,
      "ci_95_upper": 2.0
    },
    "mean_k_total": {
      "mean": 2.0,
      "std": 0.0,
      "ci_95_lower": 2.0,
      "ci_95_upper": 2.0
    },
    "mean_energy": {
      "mean": 0.9524500000000001,
      "std": 0.0729712462397195,
      "ci_95_lower": 0.9002495150638411,
      "ci_95_upper": 1.004650484936159
    },
    "frac_rf": {
      "mean": 0.003,
      "std": 0.009486832980505138,
      "ci_95_lower": -0.0037864714885622952,
      "ci_95_upper": 0.009786471488562296
    },
    "frac_vlc": {
      "mean": 0.4995,
      "std": 0.10398851432303045,
      "ci_95_lower": 0.42511109813555276,
      "ci_95_upper": 0.5738889018644472
    },
    "frac_dup": {
      "mean": 0.49749999999999994,
      "std": 0.10459578279155321,
      "ci_95_lower": 0.422676684442806,
      "ci_95_upper": 0.5723233155571938
    },
    "num_switches": {
      "mean": 38.5,
      "std": 10.34139470499238,
      "ci_95_lower": 31.10221188023245,
      "ci_95_upper": 45.89778811976755
    }
  },
  "best_link": {
    "timely_delivery_ratio": {
      "mean": 0.7414999999999999,
      "std": 0.06119413552148787,
      "ci_95_lower": 0.6977243525487172,
      "ci_95_upper": 0.7852756474512826
    },
    "mean_latency_ms": {
      "mean": 2.0,
      "std": 0.0,
      "ci_95_lower": 2.0,
      "ci_95_upper": 2.0
    },
    "p95_latency_ms": {
      "mean": 2.0,
      "std": 0.0,
      "ci_95_lower": 2.0,
      "ci_95_upper": 2.0
    },
    "mean_k_total": {
      "mean": 2.0,
      "std": 0.0,
      "ci_95_lower": 2.0,
      "ci_95_upper": 2.0
    },
    "mean_energy": {
      "mean": 0.7847999999999999,
      "std": 0.0902611027334957,
      "ci_95_lower": 0.7202310968174708,
      "ci_95_upper": 0.8493689031825291
    },
    "frac_rf": {
      "mean": 0.13199999999999998,
      "std": 0.06447221623821121,
      "ci_95_lower": 0.085879354869622,
      "ci_95_upper": 0.17812064513037795
    },
    "frac_vlc": {
      "mean": 0.868,
      "std": 0.06447221623821123,
      "ci_95_lower": 0.821879354869622,
      "ci_95_upper": 0.9141206451303779
    },
    "frac_dup": {
      "mean": 0.0,
      "std": 0.0,
      "ci_95_lower": 0.0,
      "ci_95_upper": 0.0
    },
    "num_switches": {
      "mean": 12.5,
      "std": 5.797509043642029,
      "ci_95_lower": 8.352711868100819,
      "ci_95_upper": 16.64728813189918
    }
  },
  "conditional_dup_conservative": {
    "timely_delivery_ratio": {
      "mean": 0.7070000000000001,
      "std": 0.058080404038998654,
      "ci_95_lower": 0.6654517818681093,
      "ci_95_upper": 0.7485482181318909
    },
    "mean_latency_ms": {
      "mean": 2.0,
      "std": 0.0,
      "ci_95_lower": 2.0,
      "ci_95_upper": 2.0
    },