{
  "rf_only": {
    "timely_delivery_ratio": {
      "mean": 0.48966,
      "std": 0.027172929190797248,
      "ci_95_lower": 0.4842683013277475,
      "ci_95_upper": 0.49505169867225246
    },
    "mean_latency_ms": {
      "mean": 2.0,
      "std": 0.0,
      "ci_95_lower": 2.0,
      "ci_95_upper": 2.0
    },
    "p95_latency_ms": {
      "mean": 2.0,
      "std": 0.0,
      "ci_95_lower": 2.0,
      "ci_95_upper": 2.0
    },
    "mean_k_total": {
      "mean": 2.0,
      "std": 0.0,
      "ci_95_lower": 2.0,
      "ci_95_upper": 2.0
    },
    "mean_energy": {
      "mean": 2.0,
      "std": 0.0,
      "ci_95_lower": 2.0,
      "ci_95_upper": 2.0
    },
    "frac_rf": {
      "mean": 1.0,
      "std": 0.0,
      "ci_95_lower": 1.0,
      "ci_95_upper": 1.0
    },
    "frac_vlc": {
      "mean": 0.0,
      "std": 0.0,
      "ci_95_lower": 0.0,
      "ci_95_upper": 0.0
    },
    "frac_dup": {
      "mean": 0.0,
      "std": 0.0,
      "ci_95_lower": 0.0,
      "ci_95_upper": 0.0
    },
    "num_switches": {
      "mean": 0.0,
      "std": 0.0,
      "ci_95_lower": 0.0,
      "ci_95_upper": 0.0
    }
  },
  "vlc_only": {
    "timely_delivery_ratio": {
      "mean": 0.74009,
      "std": 0.029838993876395305,
      "ci_95_lower": 0.7341692962534493,
      "ci_95_upper": 0.7460107037465508
    },
    "mean_latency_ms": {
      "mean": 2.0,
      "std": 0.0,
      "ci_95_lower": 2.0,
      "ci_95_upper": 2.0
    },
    "p95_latency_ms": {
      "mean": 2.0,
      "std": 0.0,
      "ci_95_lower": 2.0,
      "ci_95_upper": 2.0
    },
    "mean_k_total": {
      "mean": 2.0,
      "std": 0.0,
      "ci_95_lower": 2.0,
      "ci_95_upper": 2.0
    },
    "mean_energy": {
      "mean": 0.5999999999999998,
      "std": 0.0,
      "ci_95_lower": 0.5999999999999998,
      "ci_95_upper": 0.5999999999999998
    },
    "frac_rf": {
      "mean": 0.0,
      "std": 0.0,
      "ci_95_lower": 0.0,
      "ci_95_upper": 0.0
    },
    "frac_vlc": {
      "mean": 1.0,
      "std": 0.0,
      "ci_95_lower": 1.0,
      "ci_95_upper": 1.0
    },
    "frac_dup": {
      "mean": 0.0,
      "std": 0.0,
      "ci_95_lower": 0.0,
      "ci_95_upper": 0.0
    },
    "num_switches": {
      "mean": 0.0,
      "std": 0.0,
      "ci_95_lower": 0.0,
      "ci_95_upper": 0.0
    }
  },
  "always_dup": {
    "timely_delivery_ratio": {
      "mean": 0.7334099999999999,
      "std": 0.023798011545827818,
      "ci_95_lower": 0.7286879582078568,
      "ci_95_upper": 0.738132041792143
    },
    "mean_latency_ms": {
      "mean": 2.0,
      "std": 0.0,
      "ci_95_lower": 2.0,
      "ci_95_upper": 2.0
    },
    "p95_latency_ms": {
      "mean": 2.0,
      "std": 0.0,
      "ci_95_lower": 2.0,
      "ci_95_upper": 2.0
    },
    "mean_k_total": {
      "mean": 2.0,
      "std": 0.0,
      "ci_95_lower": 2.0,
      "ci_95_upper": 2.0
    },
    "mean_energy": {
      "mean": 1.3000000000000005,
      "std": 0.0,
      "ci_95_lower": 1.3000000000000005,
      "ci_95_upper": 1.3000000000000005
    },
    "frac_rf": {
      "mean": 0.0,
      "std": 0.0,
      "ci_95_lower": 0.0,
      "ci_95_upper": 0.0
    },
    "frac_vlc": {
      "mean": 0.0,
      "std": 0.0,
      "ci_95_lower": 0.0,
      "ci_95_upper": 0.0
    },
    "frac_dup": {
      "mean": 1.0,
      "std": 0.0,
      "ci_95_lower": 1.0,
      "ci_95_upper": 1.0
    },
    "num_switches": {
      "mean": 0.0,
      "std": 0.0,
      "ci_95_lower": 0.0,
      "ci_95_upper": 0.0
    }
  },
  "oracle": {
    "timely_delivery_ratio": {
      "mean": 0.8171299999999999,
      "std": 0.02013623047588045,
      "ci_95_lower": 0.8131345350150272,
      "ci_95_upper": 0.8211254649849726
    },
    "mean_latency_ms": {
      "mean": 2.0,
      "std": 0.0,
      "ci_95_lower": 2.0,
      "ci_95_upper": 2.0
    },
    "p95_latency_ms": {
      "mean": 2.0,
      "std": 0.0,
      "ci_95_lower": 2.0,
      "ci_95_upper": 2.0
    },
    "mean_k_total": {
      "mean": 2.0,
      "std": 0.0,
      "ci_95_lower": 2.0,
      "ci_95_upper": 2.0
    },
    "mean_energy": {
      "mean": 0.8761219999999998,
      "std": 0.048632706249721686,
      "ci_95_lower": 0.8664722159861559,
      "ci_95_upper": 0.8857717840138438
    },
    "frac_rf": {
      "mean": 0.18542999999999998,
      "std": 0.033277909984391944,
      "ci_95_lower": 0.17882694068981894,
      "ci_95_upper": 0.19203305931018103
    },
    "frac_vlc": {
      "mean": 0.7909700000000001,
      "std": 0.036647227629512336,
      "ci_95_lower": 0.7836983949711724,
      "ci_95_upper": 0.7982416050288277
    },
    "frac_dup": {
      "mean": 0.0236,
      "std": 0.008605847201792863,
      "ci_95_lower": 0.021892413210010904,
      "ci_95_upper": 0.025307586789989095
    },
    "num_switches": {
      "mean": 134.44,
      "std": 16.87764644418615,
      "ci_95_lower": 131.09110878238755,
      "ci_95_upper": 137.78889121761244
    }
  },
  "threshold": {
    "timely_delivery_ratio": {
      "mean": 0.76455,
      "std": 0.023386681438093547,
      "ci_95_lower": 0.7599095750251,
      "ci_95_upper": 0.7691904249748999
    },
    "mean_latency_ms": {
      "mean": 2.0,
      "std": 0.0,
      "ci_95_lower": 2.0,
      "ci_95_upper": 2.0
    },
    "p95_latency_ms": {
      "mean": 2.0,
      "std": 0.0,
      "ci_95_lower": 2.0,
      "ci_95_upper": 2.0
    },
    "mean_k_total": {
      "mean": 2.0,
      "std": 0.0,
      "ci_95_lower": 2.0,
      "ci_95_upper": 2.0
    },
    "mean_energy": {
      "mean": 0.923498,
      "std": 0.0300337452633776,
      "ci_95_lower": 0.9175386533531112,
      "ci_95_upper": 0.9294573466468888
    },
    "frac_rf": {
      "mean": 0.00269,
      "std": 0.004448799633813393,
      "ci_95_lower": 0.0018072616352721848,
      "ci_95_upper": 0.0035727383647278154
    },
    "frac_vlc": {
      "mean": 0.54055,
      "std": 0.0425555786322695,
      "ci_95_lower": 0.532106049949659,
      "ci_95_upper": 0.5489939500503409
    },
    "frac_dup": {
      "mean": 0.45675999999999994,
      "std": 0.04266929916121299,
      "ci_95_lower": 0.44829348532953256,
      "ci_95_upper": 0.46522651467046733
    },
    "num_switches": {
      "mean": 179.9,
      "std": 17.41559732834422,
      "ci_95_lower": 176.44436765604502,
      "ci_95_upper": 183.355632343955
    }
  }
}