{
  "rf_only": {
    "timely_delivery_ratio": {
      "mean": 0.49051,
      "std": 0.029602926077049087,
      "ci_95_lower": 0.48463613722636606,
      "ci_95_upper": 0.49638386277363394
    },
    "mean_latency_ms": {
      "mean": 2.0,
      "std": 0.0,
      "ci_95_lower": 2.0,
      "ci_95_upper": 2.0
    },
    "p95_latency_ms": {
      "mean": 2.0,
      "std": 0.0,
      "ci_95_lower": 2.0,
      "ci_95_upper": 2.0
    },
    "mean_k_total": {
      "mean": 2.0,
      "std": 0.0,
      "ci_95_lower": 2.0,
      "ci_95_upper": 2.0
    },
    "mean_energy": {
      "mean": 2.0,
      "std": 0.0,
      "ci_95_lower": 2.0,
      "ci_95_upper": 2.0
    },
    "frac_rf": {
      "mean": 1.0,
      "std": 0.0,
      "ci_95_lower": 1.0,
      "ci_95_upper": 1.0
    },
    "frac_vlc": {
      "mean": 0.0,
      "std": 0.0,
      "ci_95_lower": 0.0,
      "ci_95_upper": 0.0
    },
    "frac_dup": {
      "mean": 0.0,
      "std": 0.0,
      "ci_95_lower": 0.0,
      "ci_95_upper": 0.0
    },
    "num_switches": {
      "mean": 0.0,
      "std": 0.0,
      "ci_95_lower": 0.0,
      "ci_95_upper": 0.0
    }
  },
  "vlc_only": {
    "timely_delivery_ratio": {
      "mean": 0.74154,
      "std": 0.029453754198126212,
      "ci_95_lower": 0.7356957361634507,
      "ci_95_upper": 0.7473842638365492
    },
    "mean_latency_ms": {
      "mean": 2.0,
      "std": 0.0,
      "ci_95_lower": 2.0,
      "ci_95_upper": 2.0
    },
    "p95_latency_ms": {
      "mean": 2.0,
      "std": 0.0,
      "ci_95_lower": 2.0,
      "ci_95_upper": 2.0
    },
    "mean_k_total": {
      "mean": 2.0,
      "std": 0.0,
      "ci_95_lower": 2.0,
      "ci_95_upper": 2.0
    },
    "mean_energy": {
      "mean": 0.5999999999999998,
      "std": 0.0,
      "ci_95_lower": 0.5999999999999998,
      "ci_95_upper": 0.5999999999999998
    },
    "frac_rf": {
      "mean": 0.0,
      "std": 0.0,
      "ci_95_lower": 0.0,
      "ci_95_upper": 0.0
    },
    "frac_vlc": {
      "mean": 1.0,
      "std": 0.0,
      "ci_95_lower": 1.0,
      "ci_95_upper": 1.0
    },
    "frac_dup": {
      "mean": 0.0,
      "std": 0.0,
      "ci_95_lower": 0.0,
      "ci_95_upper": 0.0
    },
    "num_switches": {
      "mean": 0.0,
      "std": 0.0,
      "ci_95_lower": 0.0,
      "ci_95_upper": 0.0
    }
  },
  "always_dup": {
    "timely_delivery_ratio": {
      "mean": 0.7334299999999998,
      "std": 0.02460855357575714,
      "ci_95_lower": 0.7285471290842871,
      "ci_95_upper": 0.7383128709157125
    },
    "mean_latency_ms": {
      "mean": 2.0,
      "std": 0.0,
      "ci_95_lower": 2.0,
      "ci_95_upper": 2.0
    },
    "p95_latency_ms": {
      "mean": 2.0,
      "std": 0.0,
      "ci_95_lower": 2.0,
      "ci_95_upper": 2.0
    },
    "mean_k_total": {
      "mean": 2.0,
      "std": 0.0,
      "ci_95_lower": 2.0,
      "ci_95_upper": 2.0
    },
    "mean_energy": {
      "mean": 1.3000000000000005,
      "std": 0.0,
      "ci_95_lower": 1.3000000000000005,
      "ci_95_upper": 1.3000000000000005
    },
    "frac_rf": {
      "mean": 0.0,
      "std": 0.0,
      "ci_95_lower": 0.0,
      "ci_95_upper": 0.0
    },
    "frac_vlc": {
      "mean": 0.0,
      "std": 0.0,
      "ci_95_lower": 0.0,
      "ci_95_upper": 0.0
    },
    "frac_dup": {
      "mean": 1.0,
      "std": 0.0,
      "ci_95_lower": 1.0,
      "ci_95_upper": 1.0
    },
    "num_switches": {
      "mean": 0.0,
      "std": 0.0,
      "ci_95_lower": 0.0,
      "ci_95_upper": 0.0
    }
  },
  "oracle": {
    "timely_delivery_ratio": {
      "mean": 0.8186499999999998,
      "std": 0.0218388843278879,
      "ci_95_lower": 0.8143166915514565,
      "ci_95_upper": 0.8229833084485431
    },
    "mean_latency_ms": {
      "mean": 2.0,
      "std": 0.0,
      "ci_95_lower": 2.0,
      "ci_95_upper": 2.0
    },
    "p95_latency_ms": {
      "mean": 2.0,
      "std": 0.0,
      "ci_95_lower": 2.0,
      "ci_95_upper": 2.0
    },
    "mean_k_total": {
      "mean": 2.0,
      "std": 0.0,
      "ci_95_lower": 2.0,
      "ci_95_upper": 2.0
    },
    "mean_energy": {
      "mean": 0.8761219999999998,
      "std": 0.048632706249721686,
      "ci_95_lower": 0.8664722159861559,
      "ci_95_upper": 0.8857717840138438
    },
    "frac_rf": {
      "mean": 0.18542999999999998,
      "std": 0.033277909984391944,
      "ci_95_lower": 0.17882694068981894,
      "ci_95_upper": 0.19203305931018103
    },
    "frac_vlc": {
      "mean": 0.7909700000000001,
      "std": 0.036647227629512336,
      "ci_95_lower": 0.7836983949711724,
      "ci_95_upper": 0.7982416050288277
    },
    "frac_dup": {
      "mean": 0.0236,
      "std": 0.008605847201792863,
      "ci_95_lower": 0.021892413210010904,
      "ci_95_upper": 0.025307586789989095
    },
    "num_switches": {
      "mean": 134.44,
      "std": 16.87764644418615,
      "ci_95_lower": 131.09110878238755,
      "ci_95_upper": 137.78889121761244
    }
  },
  "threshold": {
    "timely_delivery_ratio": {
      "mean": 0.76551,
      "std": 0.024673829836243086,
      "ci_95_lower": 0.7606141768580286,
      "ci_95_upper": 0.7704058231419715
    },
    "mean_latency_ms": {
      "mean": 2.0,
      "std": 0.0,
      "ci_95_lower": 2.0,
      "ci_95_upper": 2.0
    },
    "p95_latency_ms": {
      "mean": 2.0,
      "std": 0.0,
      "ci_95_lower": 2.0,
      "ci_95_upper": 2.0
    },
    "mean_k_total": {
      "mean": 2.0,
      "std": 0.0,
      "ci_95_lower": 2.0,
      "ci_95_upper": 2.0
    },
    "mean_energy": {
      "mean": 0.923498,
      "std": 0.0300337452633776,
      "ci_95_lower": 0.9175386533531112,
      "ci_95_upper": 0.9294573466468888
    },
    "frac_rf": {
      "mean": 0.00269,
      "std": 0.004448799633813393,
      "ci_95_lower": 0.0018072616352721848,
      "ci_95_upper": 0.0035727383647278154
    },
    "frac_vlc": {
      "mean": 0.54055,
      "std": 0.0425555786322695,
      "ci_95_lower": 0.532106049949659,
      "ci_95_upper": 0.5489939500503409
    },
    "frac_dup": {
      "mean": 0.45675999999999994,
      "std": 0.04266929916121299,
      "ci_95_lower": 0.44829348532953256,
      "ci_95_upper": 0.46522651467046733
    },
    "num_switches": {
      "mean": 179.9,
      "std": 17.41559732834422,
      "ci_95_lower": 176.44436765604502,
      "ci_95_upper": 183.355632343955
    }
  },
  "best_link": {
    "timely_delivery_ratio": {
      "mean": 0.73292,
      "std": 0.026840599430299206,
      "ci_95_lower": 0.7275942427621747,
      "ci_95_upper": 0.7382457572378254
    },
    "mean_latency_ms": {
      "mean": 2.0,
      "std": 0.0,
      "ci_95_lower": 2.0,
      "ci_95_upper": 2.0
    },
    "p95_latency_ms": {
      "mean": 2.0,
      "std": 0.0,
      "ci_95_lower": 2.0,
      "ci_95_upper": 2.0
    },
    "mean_k_total": {
      "mean": 2.0,
      "std": 0.0,
      "ci_95_lower": 2.0,
      "ci_95_upper": 2.0
    },
    "mean_energy": {
      "mean": 0.7317399999999996,
      "std": 0.02528744648031805,
      "ci_95_lower": 0.726722422003338,
      "ci_95_upper": 0.7367575779966612
    },
    "frac_rf": {
      "mean": 0.0941,
      "std": 0.018062461771655748,
      "ci_95_lower": 0.09051601571667031,
      "ci_95_upper": 0.0976839842833297
    },
    "frac_vlc": {
      "mean": 0.9058999999999999,
      "std": 0.01806246177165576,
      "ci_95_lower": 0.9023160157166702,
      "ci_95_upper": 0.9094839842833297
    },
    "frac_dup": {
      "mean": 0.0,
      "std": 0.0,
      "ci_95_lower": 0.0,
      "ci_95_upper": 0.0
    },
    "num_switches": {
      "mean": 129.41,
      "std": 18.301125979600602,
      "ci_95_lower": 125.77865955995804,
      "ci_95_upper": 133.04134044004195
    }
  },
  "conditional_dup_balanced": {
    "timely_delivery_ratio": {
      "mean": 0.73532,
      "std": 0.022335314249552506,
      "ci_95_lower": 0.7308881890848764,
      "ci_95_upper": 0.7397518109151235
    },
    "mean_latency_ms": {
      "mean": 2.0,
      "std": 0.0,
      "ci_95_lower": 2.0,
      "ci_95_upper": 2.0
    },