{
  "rf_only": {
    "timely_delivery_ratio": {
      "mean": 0.49031999999999987,
      "std": 0.030101135922725314,
      "ci_95_lower": 0.484347281584246,
      "ci_95_upper": 0.49629271841575373
    },
    "mean_latency_ms": {
      "mean": 2.0,
      "std": 0.0,
      "ci_95_lower": 2.0,
      "ci_95_upper": 2.0
    },
    "p95_latency_ms": {
      "mean": 2.0,
      "std": 0.0,
      "ci_95_lower": 2.0,
      "ci_95_upper": 2.0
    },
    "mean_k_total": {
      "mean": 2.0,
      "std": 0.0,
      "ci_95_lower": 2.0,
      "ci_95_upper": 2.0
    },
    "mean_energy": {
      "mean": 2.0,
      "std": 0.0,
      "ci_95_lower": 2.0,
      "ci_95_upper": 2.0
    },
    "frac_rf": {
      "mean": 1.0,
      "std": 0.0,
      "ci_95_lower": 1.0,
      "ci_95_upper": 1.0
    },
    "frac_vlc": {
      "mean": 0.0,
      "std": 0.0,
      "ci_95_lower": 0.0,
      "ci_95_upper": 0.0
    },
    "frac_dup": {
      "mean": 0.0,
      "std": 0.0,
      "ci_95_lower": 0.0,
      "ci_95_upper": 0.0
    },
    "num_switches": {
      "mean": 0.0,
      "std": 0.0,
      "ci_95_lower": 0.0,
      "ci_95_upper": 0.0
    }
  },
  "vlc_only": {
    "timely_delivery_ratio": {
      "mean": 0.74127,
      "std": 0.029228412563977912,
      "ci_95_lower": 0.7354704488324866,
      "ci_95_upper": 0.7470695511675134
    },
    "mean_latency_ms": {
      "mean": 2.0,
      "std": 0.0,
      "ci_95_lower": 2.0,
      "ci_95_upper": 2.0
    },
    "p95_latency_ms": {
      "mean": 2.0,
      "std": 0.0,
      "ci_95_lower": 2.0,
      "ci_95_upper": 2.0
    },
    "mean_k_total": {
      "mean": 2.0,
      "std": 0.0,
      "ci_95_lower": 2.0,
      "ci_95_upper": 2.0
    },
    "mean_energy": {
      "mean": 0.5999999999999998,
      "std": 0.0,
      "ci_95_lower": 0.5999999999999998,
      "ci_95_upper": 0.5999999999999998
    },
    "frac_rf": {
      "mean": 0.0,
      "std": 0.0,
      "ci_95_lower": 0.0,
      "ci_95_upper": 0.0
    },
    "frac_vlc": {
      "mean": 1.0,
      "std": 0.0,
      "ci_95_lower": 1.0,
      "ci_95_upper": 1.0
    },
    "frac_dup": {
      "mean": 0.0,
      "std": 0.0,
      "ci_95_lower": 0.0,
      "ci_95_upper": 0.0
    },
    "num_switches": {
      "mean": 0.0,
      "std": 0.0,
      "ci_95_lower": 0.0,
      "ci_95_upper": 0.0
    }
  },
  "always_dup": {
    "timely_delivery_ratio": {
      "mean": 0.7337399999999998,
      "std": 0.022463267434600524,
      "ci_95_lower": 0.7292828003969991,
      "ci_95_upper": 0.7381971996030006
    },
    "mean_latency_ms": {
      "mean": 2.0,
      "std": 0.0,
      "ci_95_lower": 2.0,
      "ci_95_upper": 2.0
    },
    "p95_latency_ms": {
      "mean": 2.0,
      "std": 0.0,
      "ci_95_lower": 2.0,
      "ci_95_upper": 2.0
    },
    "mean_k_total": {
      "mean": 2.0,
      "std": 0.0,
      "ci_95_lower": 2.0,
      "ci_95_upper": 2.0
    },
    "mean_energy": {
      "mean": 1.3000000000000005,
      "std": 0.0,
      "ci_95_lower": 1.3000000000000005,
      "ci_95_upper": 1.3000000000000005
    },
    "frac_rf": {
      "mean": 0.0,
      "std": 0.0,
      "ci_95_lower": 0.0,
      "ci_95_upper": 0.0
    },
    "frac_vlc": {
      "mean": 0.0,
      "std": 0.0,
      "ci_95_lower": 0.0,
      "ci_95_upper": 0.0
    },
    "frac_dup": {
      "mean": 1.0,
      "std": 0.0,
      "ci_95_lower": 1.0,
      "ci_95_upper": 1.0
    },
    "num_switches": {
      "mean": 0.0,
      "std": 0.0,
      "ci_95_lower": 0.0,
      "ci_95_upper": 0.0
    }
  },
  "oracle": {
    "timely_delivery_ratio": {
      "mean": 0.81667,
      "std": 0.022208859366105078,
      "ci_95_lower": 0.8122632804772102,
      "ci_95_upper": 0.8210767195227898
    },
    "mean_latency_ms": {
      "mean": 2.0,
      "std": 0.0,
      "ci_95_lower": 2.0,
      "ci_95_upper": 2.0
    },
    "p95_latency_ms": {
      "mean": 2.0,
      "std": 0.0,
      "ci_95_lower": 2.0,
      "ci_95_upper": 2.0
    },
    "mean_k_total": {
      "mean": 2.0,
      "std": 0.0,
      "ci_95_lower": 2.0,
      "ci_95_upper": 2.0
    },
    "mean_energy": {
      "mean": 0.8761219999999998,
      "std": 0.048632706249721686,
      "ci_95_lower": 0.8664722159861559,
      "ci_95_upper": 0.8857717840138438
    },
    "frac_rf": {
      "mean": 0.18542999999999998,
      "std": 0.033277909984391944,
      "ci_95_lower": 0.17882694068981894,
      "ci_95_upper": 0.19203305931018103
    },
    "frac_vlc": {
      "mean": 0.7909700000000001,
      "std": 0.036647227629512336,
      "ci_95_lower": 0.7836983949711724,
      "ci_95_upper": 0.7982416050288277
    },
    "frac_dup": {
      "mean": 0.0236,
      "std": 0.008605847201792863,
      "ci_95_lower": 0.021892413210010904,
      "ci_95_upper": 0.025307586789989095
    },
    "num_switches": {
      "mean": 134.44,
      "std": 16.87764644418615,
      "ci_95_lower": 131.09110878238755,
      "ci_95_upper": 137.78889121761244
    }
  },
  "threshold": {
    "timely_delivery_ratio": {
      "mean": 0.7647500000000003,
      "std": 0.023624749477587876,
      "ci_95_lower": 0.7600623371611427,
      "ci_95_upper": 0.7694376628388578
    },
    "mean_latency_ms": {
      "mean": 2.0,
      "std": 0.0,
      "ci_95_lower": 2.0,
      "ci_95_upper": 2.0
    },
    "p95_latency_ms": {
      "mean": 2.0,
      "std": 0.0,
      "ci_95_lower": 2.0,
      "ci_95_upper": 2.0
    },
    "mean_k_total": {
      "mean": 2.0,
      "std": 0.0,
      "ci_95_lower": 2.0,
      "ci_95_upper": 2.0
    },
    "mean_energy": {
      "mean": 0.923498,
      "std": 0.0300337452633776,
      "ci_95_lower": 0.9175386533531112,
      "ci_95_upper": 0.9294573466468888
    },
    "frac_rf": {
      "mean": 0.00269,
      "std": 0.004448799633813393,
      "ci_95_lower": 0.0018072616352721848,
      "ci_95_upper": 0.0035727383647278154
    },
    "frac_vlc": {
      "mean": 0.54055,
      "std": 0.0425555786322695,
      "ci_95_lower": 0.532106049949659,
      "ci_95_upper": 0.5489939500503409
    },
    "frac_dup": {
      "mean": 0.45675999999999994,
      "std": 0.04266929916121299,
      "ci_95_lower": 0.44829348532953256,
      "ci_95_upper": 0.46522651467046733
    },
    "num_switches": {
      "mean": 179.9,
      "std": 17.41559732834422,
      "ci_95_lower": 176.44436765604502,
      "ci_95_upper": 183.355632343955
    }
  },
  "best_link": {
    "timely_delivery_ratio": {
      "mean": 0.7469900000000002,
      "std": 0.026556018549702104,
      "ci_95_lower": 0.7417207097829104,
      "ci_95_upper": 0.7522592902170899
    },
    "mean_latency_ms": {
      "mean": 2.0,
      "std": 0.0,
      "ci_95_lower": 2.0,
      "ci_95_upper": 2.0
    },
    "p95_latency_ms": {
      "mean": 2.0,
      "std": 0.0,
      "ci_95_lower": 2.0,
      "ci_95_upper": 2.0
    },
    "mean_k_total": {
      "mean": 2.0,
      "std": 0.0,
      "ci_95_lower": 2.0,
      "ci_95_upper": 2.0
    },
    "mean_energy": {
      "mean": 0.7036279999999998,
      "std": 0.03562650267608784,
      "ci_95_lower": 0.6965589289467136,
      "ci_95_upper": 0.7106970710532861
    },
    "frac_rf": {
      "mean": 0.07402000000000002,
      "std": 0.025447501911491303,
      "ci_95_lower": 0.06897066353336695,
      "ci_95_upper": 0.07906933646663308
    },
    "frac_vlc": {
      "mean": 0.9259800000000001,
      "std": 0.025447501911491293,
      "ci_95_lower": 0.920930663533367,
      "ci_95_upper": 0.9310293364666332
    },
    "frac_dup": {
      "mean": 0.0,
      "std": 0.0,
      "ci_95_lower": 0.0,
      "ci_95_upper": 0.0
    },
    "num_switches": {
      "mean": 36.15,
      "std": 10.4014130741642,
      "ci_95_lower": 34.08613398585993,
      "ci_95_upper": 38.213866014140066
    }
  },
  "conditional_dup_balanced": {
    "timely_delivery_ratio": {
      "mean": 0.73307,
      "std": 0.025213133903030018,
      "ci_95_lower": 0.7280671672308949,
      "ci_95_upper": 0.7380728327691051
    },
    "mean_latency_ms": {
      "mean": 2.0,
      "std": 0.0,
      "ci_95_lower": 2.0,
      "ci_95_upper": 2.0
    },