{
  "rf_only": {
    "timely_delivery_ratio": {
      "mean": 0.8220600000000001,
      "std": 0.018670356778118128,
      "ci_95_lower": 0.8183553961590144,
      "ci_95_upper": 0.8257646038409858
    },
    "mean_latency_ms": {
      "mean": 2.0,
      "std": 0.0,
      "ci_95_lower": 2.0,
      "ci_95_upper": 2.0
    },
    "p95_latency_ms": {
      "mean": 2.0,
      "std": 0.0,
      "ci_95_lower": 2.0,
      "ci_95_upper": 2.0
    },
    "mean_k_total": {
      "mean": 2.0,
      "std": 0.0,
      "ci_95_lower": 2.0,
      "ci_95_upper": 2.0
    },
    "mean_energy": {
      "mean": 2.0,
      "std": 0.0,
      "ci_95_lower": 2.0,
      "ci_95_upper": 2.0
    },
    "frac_rf": {
      "mean": 1.0,
      "std": 0.0,
      "ci_95_lower": 1.0,
      "ci_95_upper": 1.0
    },
    "frac_vlc": {
      "mean": 0.0,
      "std": 0.0,
      "ci_95_lower": 0.0,
      "ci_95_upper": 0.0
    },
    "frac_dup": {
      "mean": 0.0,
      "std": 0.0,
      "ci_95_lower": 0.0,
      "ci_95_upper": 0.0
    },
    "num_switches": {
      "mean": 0.0,
      "std": 0.0,
      "ci_95_lower": 0.0,
      "ci_95_upper": 0.0
    }
  },
  "vlc_only": {
    "timely_delivery_ratio": {
      "mean": 0.07688999999999999,
      "std": 0.01657849099394645,
      "ci_95_lower": 0.07360046771393773,
      "ci_95_upper": 0.08017953228606224
    },
    "mean_latency_ms": {
      "mean": 2.0,
      "std": 0.0,
      "ci_95_lower": 2.0,
      "ci_95_upper": 2.0
    },
    "p95_latency_ms": {
      "mean": 2.0,
      "std": 0.0,
      "ci_95_lower": 2.0,
      "ci_95_upper": 2.0
    },
    "mean_k_total": {
      "mean": 2.0,
      "std": 0.0,
      "ci_95_lower": 2.0,
      "ci_95_upper": 2.0
    },
    "mean_energy": {
      "mean": 0.5999999999999998,
      "std": 0.0,
      "ci_95_lower": 0.5999999999999998,
      "ci_95_upper": 0.5999999999999998
    },
    "frac_rf": {
      "mean": 0.0,
      "std": 0.0,
      "ci_95_lower": 0.0,
      "ci_95_upper": 0.0
    },
    "frac_vlc": {
      "mean": 1.0,
      "std": 0.0,
      "ci_95_lower": 1.0,
      "ci_95_upper": 1.0
    },
    "frac_dup": {
      "mean": 0.0,
      "std": 0.0,
      "ci_95_lower": 0.0,
      "ci_95_upper": 0.0
    },
    "num_switches": {
      "mean": 0.0,
      "std": 0.0,
      "ci_95_lower": 0.0,
      "ci_95_upper": 0.0
    }
  },
  "always_dup": {
    "timely_delivery_ratio": {
      "mean": 0.61586,
      "std": 0.023110634221964032,
      "ci_95_lower": 0.6112743487816662,
      "ci_95_upper": 0.6204456512183337
    },
    "mean_latency_ms": {
      "mean": 2.0,
      "std": 0.0,
      "ci_95_lower": 2.0,
      "ci_95_upper": 2.0
    },
    "p95_latency_ms": {
      "mean": 2.0,
      "std": 0.0,
      "ci_95_lower": 2.0,
      "ci_95_upper": 2.0
    },
    "mean_k_total": {
      "mean": 2.0,
      "std": 0.0,
      "ci_95_lower": 2.0,
      "ci_95_upper": 2.0
    },
    "mean_energy": {
      "mean": 1.3000000000000005,
      "std": 0.0,
      "ci_95_lower": 1.3000000000000005,
      "ci_95_upper": 1.3000000000000005
    },
    "frac_rf": {
      "mean": 0.0,
      "std": 0.0,
      "ci_95_lower": 0.0,
      "ci_95_upper": 0.0
    },
    "frac_vlc": {
      "mean": 0.0,
      "std": 0.0,
      "ci_95_lower": 0.0,
      "ci_95_upper": 0.0
    },
    "frac_dup": {
      "mean": 1.0,
      "std": 0.0,
      "ci_95_lower": 1.0,
      "ci_95_upper": 1.0
    },
    "num_switches": {
      "mean": 0.0,
      "std": 0.0,
      "ci_95_lower": 0.0,
      "ci_95_upper": 0.0
    }
  },
  "oracle": {
    "timely_delivery_ratio": {
      "mean": 0.82418,
      "std": 0.01778001374827613,
      "ci_95_lower": 0.8206520595322613,
      "ci_95_upper": 0.8277079404677388
    },
    "mean_latency_ms": {
      "mean": 2.0,
      "std": 0.0,
      "ci_95_lower": 2.0,
      "ci_95_upper": 2.0
    },
    "p95_latency_ms": {
      "mean": 2.0,
      "std": 0.0,
      "ci_95_lower": 2.0,
      "ci_95_upper": 2.0
    },
    "mean_k_total": {
      "mean": 2.0,
      "std": 0.0,
      "ci_95_lower": 2.0,
      "ci_95_upper": 2.0
    },
    "mean_energy": {
      "mean": 1.9915859999999999,
      "std": 0.006708987188161026,
      "ci_95_lower": 1.9902547913893796,
      "ci_95_upper": 1.9929172086106202
    },
    "frac_rf": {
      "mean": 0.99177,
      "std": 0.006292299285875584,
      "ci_95_lower": 0.9905214713093,
      "ci_95_upper": 0.9930185286907001
    },
    "frac_vlc": {
      "mean": 0.00379,
      "std": 0.0035768475483082007,
      "ci_95_lower": 0.0030802758461684595,
      "ci_95_upper": 0.0044997241538315405
    },
    "frac_dup": {
      "mean": 0.00444,
      "std": 0.0035938218591849477,
      "ci_95_lower": 0.003726907774630278,
      "ci_95_upper": 0.005153092225369723
    },
    "num_switches": {
      "mean": 10.03,
      "std": 7.147020287497369,
      "ci_95_lower": 8.611876119277126,
      "ci_95_upper": 11.448123880722873
    }
  },
  "threshold": {
    "timely_delivery_ratio": {
      "mean": 0.77318,
      "std": 0.028009514977823696,
      "ci_95_lower": 0.7676223045577466,
      "ci_95_upper": 0.7787376954422534
    },
    "mean_latency_ms": {
      "mean": 2.0,
      "std": 0.0,
      "ci_95_lower": 2.0,
      "ci_95_upper": 2.0
    },
    "p95_latency_ms": {
      "mean": 2.0,
      "std": 0.0,
      "ci_95_lower": 2.0,
      "ci_95_upper": 2.0
    },
    "mean_k_total": {
      "mean": 2.0,
      "std": 0.0,
      "ci_95_lower": 2.0,
      "ci_95_upper": 2.0
    },
    "mean_energy": {
      "mean": 1.8206670000000003,
      "std": 0.043701589215954115,
      "ci_95_lower": 1.8119956565869837,
      "ci_95_upper": 1.8293383434130168
    },
    "frac_rf": {
      "mean": 0.74448,
      "std": 0.06215222108548162,
      "ci_95_lower": 0.7321476509348273,
      "ci_95_upper": 0.7568123490651728
    },
    "frac_vlc": {
      "mean": 0.0006700000000000001,
      "std": 0.001589453879910844,
      "ci_95_lower": 0.00035461786678396583,
      "ci_95_upper": 0.0009853821332160345
    },
    "frac_dup": {
      "mean": 0.25485,
      "std": 0.06191316418169806,
      "ci_95_lower": 0.24256508501091348,
      "ci_95_upper": 0.2671349149890866
    },
    "num_switches": {
      "mean": 91.3,
      "std": 18.44757792538444,
      "ci_95_lower": 87.63960031661748,
      "ci_95_upper": 94.96039968338252
    }
  },
  "best_link": {
    "timely_delivery_ratio": {
      "mean": 0.8163900000000001,
      "std": 0.018507380455189505,
      "ci_95_lower": 0.8127177341972793,
      "ci_95_upper": 0.8200622658027208
    },
    "mean_latency_ms": {
      "mean": 2.0,
      "std": 0.0,
      "ci_95_lower": 2.0,
      "ci_95_upper": 2.0
    },
    "p95_latency_ms": {
      "mean": 2.0,
      "std": 0.0,
      "ci_95_lower": 2.0,
      "ci_95_upper": 2.0
    },
    "mean_k_total": {
      "mean": 2.0,
      "std": 0.0,
      "ci_95_lower": 2.0,
      "ci_95_upper": 2.0
    },
    "mean_energy": {
      "mean": 1.9830459999999999,
      "std": 0.010152050297970623,
      "ci_95_lower": 1.9810316129706196,
      "ci_95_upper": 1.9850603870293801
    },
    "frac_rf": {
      "mean": 0.9878900000000002,
      "std": 0.007251464498550447,
      "ci_95_lower": 0.9864511521218714,
      "ci_95_upper": 0.9893288478781289
    },
    "frac_vlc": {
      "mean": 0.012109999999999996,
      "std": 0.00725146449855044,
      "ci_95_lower": 0.010671152121871277,
      "ci_95_upper": 0.013548847878128715
    },
    "frac_dup": {
      "mean": 0.0,
      "std": 0.0,
      "ci_95_lower": 0.0,
      "ci_95_upper": 0.0
    },
    "num_switches": {
      "mean": 11.86,
      "std": 5.998349941459069,
      "ci_95_lower": 10.669797236507579,
      "ci_95_upper": 13.05020276349242
    }
  },
  "conditional_dup_balanced": {
    "timely_delivery_ratio": {
      "mean": 0.7523399999999999,
      "std": 0.01550836854570768,
      "ci_95_lower": 0.7492628032241362,
      "ci_95_upper": 0.7554171967758636
    },
    "mean_latency_ms": {
      "mean": 2.0,
      "std": 0.0,
      "ci_95_lower": 2.0,
      "ci_95_upper": 2.0
    },