{
  "rf_only": {
    "timely_delivery_ratio": {
      "mean": 0.8210699999999999,
      "std": 0.01879085044924949,
      "ci_95_lower": 0.8173414876005333,
      "ci_95_upper": 0.8247985123994664
    },
    "mean_latency_ms": {
      "mean": 2.0,
      "std": 0.0,
      "ci_95_lower": 2.0,
      "ci_95_upper": 2.0
    },
    "p95_latency_ms": {
      "mean": 2.0,
      "std": 0.0,
      "ci_95_lower": 2.0,
      "ci_95_upper": 2.0
    },
    "mean_k_total": {
      "mean": 2.0,
      "std": 0.0,
      "ci_95_lower": 2.0,
      "ci_95_upper": 2.0
    },
    "mean_energy": {
      "mean": 2.0,
      "std": 0.0,
      "ci_95_lower": 2.0,
      "ci_95_upper": 2.0
    },
    "frac_rf": {
      "mean": 1.0,
      "std": 0.0,
      "ci_95_lower": 1.0,
      "ci_95_upper": 1.0
    },
    "frac_vlc": {
      "mean": 0.0,
      "std": 0.0,
      "ci_95_lower": 0.0,
      "ci_95_upper": 0.0
    },
    "frac_dup": {
      "mean": 0.0,
      "std": 0.0,
      "ci_95_lower": 0.0,
      "ci_95_upper": 0.0
    },
    "num_switches": {
      "mean": 0.0,
      "std": 0.0,
      "ci_95_lower": 0.0,
      "ci_95_upper": 0.0
    }
  },
  "vlc_only": {
    "timely_delivery_ratio": {
      "mean": 0.07679,
      "std": 0.015839660617729425,
      "ci_95_lower": 0.07364706768961568,
      "ci_95_upper": 0.07993293231038431
    },
    "mean_latency_ms": {
      "mean": 2.0,
      "std": 0.0,
      "ci_95_lower": 2.0,
      "ci_95_upper": 2.0
    },
    "p95_latency_ms": {
      "mean": 2.0,
      "std": 0.0,
      "ci_95_lower": 2.0,
      "ci_95_upper": 2.0
    },
    "mean_k_total": {
      "mean": 2.0,
      "std": 0.0,
      "ci_95_lower": 2.0,
      "ci_95_upper": 2.0
    },
    "mean_energy": {
      "mean": 0.5999999999999998,
      "std": 0.0,
      "ci_95_lower": 0.5999999999999998,
      "ci_95_upper": 0.5999999999999998
    },
    "frac_rf": {
      "mean": 0.0,
      "std": 0.0,
      "ci_95_lower": 0.0,
      "ci_95_upper": 0.0
    },
    "frac_vlc": {
      "mean": 1.0,
      "std": 0.0,
      "ci_95_lower": 1.0,
      "ci_95_upper": 1.0
    },
    "frac_dup": {
      "mean": 0.0,
      "std": 0.0,
      "ci_95_lower": 0.0,
      "ci_95_upper": 0.0
    },
    "num_switches": {
      "mean": 0.0,
      "std": 0.0,
      "ci_95_lower": 0.0,
      "ci_95_upper": 0.0
    }
  },
  "always_dup": {
    "timely_delivery_ratio": {
      "mean": 0.61816,
      "std": 0.023152860503509065,
      "ci_95_lower": 0.6135659701713022,
      "ci_95_upper": 0.6227540298286979
    },
    "mean_latency_ms": {
      "mean": 2.0,
      "std": 0.0,
      "ci_95_lower": 2.0,
      "ci_95_upper": 2.0
    },
    "p95_latency_ms": {
      "mean": 2.0,
      "std": 0.0,
      "ci_95_lower": 2.0,
      "ci_95_upper": 2.0
    },
    "mean_k_total": {
      "mean": 2.0,
      "std": 0.0,
      "ci_95_lower": 2.0,
      "ci_95_upper": 2.0
    },
    "mean_energy": {
      "mean": 1.3000000000000005,
      "std": 0.0,
      "ci_95_lower": 1.3000000000000005,
      "ci_95_upper": 1.3000000000000005
    },
    "frac_rf": {
      "mean": 0.0,
      "std": 0.0,
      "ci_95_lower": 0.0,
      "ci_95_upper": 0.0
    },
    "frac_vlc": {
      "mean": 0.0,
      "std": 0.0,
      "ci_95_lower": 0.0,
      "ci_95_upper": 0.0
    },
    "frac_dup": {
      "mean": 1.0,
      "std": 0.0,
      "ci_95_lower": 1.0,
      "ci_95_upper": 1.0
    },
    "num_switches": {
      "mean": 0.0,
      "std": 0.0,
      "ci_95_lower": 0.0,
      "ci_95_upper": 0.0
    }
  },
  "oracle": {
    "timely_delivery_ratio": {
      "mean": 0.8216199999999998,
      "std": 0.02079470600849642,
      "ci_95_lower": 0.81749387918363,
      "ci_95_upper": 0.8257461208163696
    },
    "mean_latency_ms": {
      "mean": 2.0,
      "std": 0.0,
      "ci_95_lower": 2.0,
      "ci_95_upper": 2.0
    },
    "p95_latency_ms": {
      "mean": 2.0,
      "std": 0.0,
      "ci_95_lower": 2.0,
      "ci_95_upper": 2.0
    },
    "mean_k_total": {
      "mean": 2.0,
      "std": 0.0,
      "ci_95_lower": 2.0,
      "ci_95_upper": 2.0
    },
    "mean_energy": {
      "mean": 1.9915859999999999,
      "std": 0.006708987188161026,
      "ci_95_lower": 1.9902547913893796,
      "ci_95_upper": 1.9929172086106202
    },
    "frac_rf": {
      "mean": 0.99177,
      "std": 0.006292299285875584,
      "ci_95_lower": 0.9905214713093,
      "ci_95_upper": 0.9930185286907001
    },
    "frac_vlc": {
      "mean": 0.00379,
      "std": 0.0035768475483082007,
      "ci_95_lower": 0.0030802758461684595,
      "ci_95_upper": 0.0044997241538315405
    },
    "frac_dup": {
      "mean": 0.00444,
      "std": 0.0035938218591849477,
      "ci_95_lower": 0.003726907774630278,
      "ci_95_upper": 0.005153092225369723
    },
    "num_switches": {
      "mean": 10.03,
      "std": 7.147020287497369,
      "ci_95_lower": 8.611876119277126,
      "ci_95_upper": 11.448123880722873
    }
  },
  "threshold": {
    "timely_delivery_ratio": {
      "mean": 0.8204199999999999,
      "std": 0.018889460478576838,
      "ci_95_lower": 0.8166719212313553,
      "ci_95_upper": 0.8241680787686445
    },
    "mean_latency_ms": {
      "mean": 2.0,
      "std": 0.0,
      "ci_95_lower": 2.0,
      "ci_95_upper": 2.0
    },
    "p95_latency_ms": {
      "mean": 2.0,
      "std": 0.0,
      "ci_95_lower": 2.0,
      "ci_95_upper": 2.0
    },
    "mean_k_total": {
      "mean": 2.0,
      "std": 0.0,
      "ci_95_lower": 2.0,
      "ci_95_upper": 2.0
    },
    "mean_energy": {
      "mean": 1.9898429999999998,
      "std": 0.00643601380804716,
      "ci_95_lower": 1.9885659552301926,
      "ci_95_upper": 1.991120044769807
    },
    "frac_rf": {
      "mean": 0.9857700000000001,
      "std": 0.008853299333633153,
      "ci_95_lower": 0.9840133133385426,
      "ci_95_upper": 0.9875266866614577
    },
    "frac_vlc": {
      "mean": 0.00028000000000000003,
      "std": 0.0009436657514740325,
      "ci_95_lower": 9.275624193670452e-05,
      "ci_95_upper": 0.0004672437580632955
    },
    "frac_dup": {
      "mean": 0.013949999999999997,
      "std": 0.008602765587738384,
      "ci_95_lower": 0.012243024669095392,
      "ci_95_upper": 0.015656975330904602
    },
    "num_switches": {
      "mean": 13.65,
      "std": 7.346235207041204,
      "ci_95_lower": 12.192347557241895,
      "ci_95_upper": 15.107652442758106
    }
  },
  "best_link": {
    "timely_delivery_ratio": {
      "mean": 0.8087899999999999,
      "std": 0.021635312978479572,
      "ci_95_lower": 0.8044970845236904,
      "ci_95_upper": 0.8130829154763094
    },
    "mean_latency_ms": {
      "mean": 2.0,
      "std": 0.0,
      "ci_95_lower": 2.0,
      "ci_95_upper": 2.0
    },
    "p95_latency_ms": {
      "mean": 2.0,
      "std": 0.0,
      "ci_95_lower": 2.0,
      "ci_95_upper": 2.0
    },
    "mean_k_total": {
      "mean": 2.0,
      "std": 0.0,
      "ci_95_lower": 2.0,
      "ci_95_upper": 2.0
    },
    "mean_energy": {
      "mean": 1.971412,
      "std": 0.01035151167411763,
      "ci_95_lower": 1.9693580355062474,
      "ci_95_upper": 1.9734659644937524
    },
    "frac_rf": {
      "mean": 0.9795799999999999,
      "std": 0.0073939369100840405,
      "ci_95_lower": 0.9781128825044625,
      "ci_95_upper": 0.9810471174955373
    },
    "frac_vlc": {
      "mean": 0.020419999999999997,
      "std": 0.0073939369100840336,
      "ci_95_lower": 0.01895288250446255,
      "ci_95_upper": 0.021887117495537445
    },
    "frac_dup": {
      "mean": 0.0,
      "std": 0.0,
      "ci_95_lower": 0.0,
      "ci_95_upper": 0.0
    },
    "num_switches": {
      "mean": 27.81,
      "std": 7.357666241768006,
      "ci_95_lower": 26.350079391954072,
      "ci_95_upper": 29.269920608045926
    }
  },
  "conditional_dup_balanced": {
    "timely_delivery_ratio": {
      "mean": 0.7663899999999999,
      "std": 0.017252664850522223,
      "ci_95_lower": 0.7629666969944895,
      "ci_95_upper": 0.7698133030055103
    },
    "mean_latency_ms": {
      "mean": 2.0,
      "std": 0.0,
      "ci_95_lower": 2.0,