{
  "rf_only": {
    "timely_delivery_ratio": {
      "mean": 0.82045,
      "std": 0.018981317236704178,
      "ci_95_lower": 0.8166836948576968,
      "ci_95_upper": 0.8242163051423033
    },
    "mean_latency_ms": {
      "mean": 2.0,
      "std": 0.0,
      "ci_95_lower": 2.0,
      "ci_95_upper": 2.0
    },
    "p95_latency_ms": {
      "mean": 2.0,
      "std": 0.0,
      "ci_95_lower": 2.0,
      "ci_95_upper": 2.0
    },
    "mean_k_total": {
      "mean": 2.0,
      "std": 0.0,
      "ci_95_lower": 2.0,
      "ci_95_upper": 2.0
    },
    "mean_energy": {
      "mean": 2.0,
      "std": 0.0,
      "ci_95_lower": 2.0,
      "ci_95_upper": 2.0
    },
    "frac_rf": {
      "mean": 1.0,
      "std": 0.0,
      "ci_95_lower": 1.0,
      "ci_95_upper": 1.0
    },
    "frac_vlc": {
      "mean": 0.0,
      "std": 0.0,
      "ci_95_lower": 0.0,
      "ci_95_upper": 0.0
    },
    "frac_dup": {
      "mean": 0.0,
      "std": 0.0,
      "ci_95_lower": 0.0,
      "ci_95_upper": 0.0
    },
    "num_switches": {
      "mean": 0.0,
      "std": 0.0,
      "ci_95_lower": 0.0,
      "ci_95_upper": 0.0
    }
  },
  "vlc_only": {
    "timely_delivery_ratio": {
      "mean": 0.07664,
      "std": 0.016696046831450248,
      "ci_95_lower": 0.07332714208538536,
      "ci_95_upper": 0.07995285791461464
    },
    "mean_latency_ms": {
      "mean": 2.0,
      "std": 0.0,
      "ci_95_lower": 2.0,
      "ci_95_upper": 2.0
    },
    "p95_latency_ms": {
      "mean": 2.0,
      "std": 0.0,
      "ci_95_lower": 2.0,
      "ci_95_upper": 2.0
    },
    "mean_k_total": {
      "mean": 2.0,
      "std": 0.0,
      "ci_95_lower": 2.0,
      "ci_95_upper": 2.0
    },
    "mean_energy": {
      "mean": 0.5999999999999998,
      "std": 0.0,
      "ci_95_lower": 0.5999999999999998,
      "ci_95_upper": 0.5999999999999998
    },
    "frac_rf": {
      "mean": 0.0,
      "std": 0.0,
      "ci_95_lower": 0.0,
      "ci_95_upper": 0.0
    },
    "frac_vlc": {
      "mean": 1.0,
      "std": 0.0,
      "ci_95_lower": 1.0,
      "ci_95_upper": 1.0
    },
    "frac_dup": {
      "mean": 0.0,
      "std": 0.0,
      "ci_95_lower": 0.0,
      "ci_95_upper": 0.0
    },
    "num_switches": {
      "mean": 0.0,
      "std": 0.0,
      "ci_95_lower": 0.0,
      "ci_95_upper": 0.0
    }
  },
  "always_dup": {
    "timely_delivery_ratio": {
      "mean": 0.61356,
      "std": 0.02014007513051098,
      "ci_95_lower": 0.6095637721521382,
      "ci_95_upper": 0.6175562278478618
    },
    "mean_latency_ms": {
      "mean": 2.0,
      "std": 0.0,
      "ci_95_lower": 2.0,
      "ci_95_upper": 2.0
    },
    "p95_latency_ms": {
      "mean": 2.0,
      "std": 0.0,
      "ci_95_lower": 2.0,
      "ci_95_upper": 2.0
    },
    "mean_k_total": {
      "mean": 2.0,
      "std": 0.0,
      "ci_95_lower": 2.0,
      "ci_95_upper": 2.0
    },
    "mean_energy": {
      "mean": 1.3000000000000005,
      "std": 0.0,
      "ci_95_lower": 1.3000000000000005,
      "ci_95_upper": 1.3000000000000005
    },
    "frac_rf": {
      "mean": 0.0,
      "std": 0.0,
      "ci_95_lower": 0.0,
      "ci_95_upper": 0.0
    },
    "frac_vlc": {
      "mean": 0.0,
      "std": 0.0,
      "ci_95_lower": 0.0,
      "ci_95_upper": 0.0
    },
    "frac_dup": {
      "mean": 1.0,
      "std": 0.0,
      "ci_95_lower": 1.0,
      "ci_95_upper": 1.0
    },
    "num_switches": {
      "mean": 0.0,
      "std": 0.0,
      "ci_95_lower": 0.0,
      "ci_95_upper": 0.0
    }
  },
  "oracle": {
    "timely_delivery_ratio": {
      "mean": 0.82241,
      "std": 0.017765074691311545,
      "ci_95_lower": 0.8188850237652682,
      "ci_95_upper": 0.8259349762347318
    },
    "mean_latency_ms": {
      "mean": 2.0,
      "std": 0.0,
      "ci_95_lower": 2.0,
      "ci_95_upper": 2.0
    },
    "p95_latency_ms": {
      "mean": 2.0,
      "std": 0.0,
      "ci_95_lower": 2.0,
      "ci_95_upper": 2.0
    },
    "mean_k_total": {
      "mean": 2.0,
      "std": 0.0,
      "ci_95_lower": 2.0,
      "ci_95_upper": 2.0
    },
    "mean_energy": {
      "mean": 1.9915859999999999,
      "std": 0.006708987188161026,
      "ci_95_lower": 1.9902547913893796,
      "ci_95_upper": 1.9929172086106202
    },
    "frac_rf": {
      "mean": 0.99177,
      "std": 0.006292299285875584,
      "ci_95_lower": 0.9905214713093,
      "ci_95_upper": 0.9930185286907001
    },
    "frac_vlc": {
      "mean": 0.00379,
      "std": 0.0035768475483082007,
      "ci_95_lower": 0.0030802758461684595,
      "ci_95_upper": 0.0044997241538315405
    },
    "frac_dup": {
      "mean": 0.00444,
      "std": 0.0035938218591849477,
      "ci_95_lower": 0.003726907774630278,
      "ci_95_upper": 0.005153092225369723
    },
    "num_switches": {
      "mean": 10.03,
      "std": 7.147020287497369,
      "ci_95_lower": 8.611876119277126,
      "ci_95_upper": 11.448123880722873
    }
  },
  "threshold": {
    "timely_delivery_ratio": {
      "mean": 0.7714700000000001,
      "std": 0.024164610152832684,
      "ci_95_lower": 0.7666752170908152,
      "ci_95_upper": 0.776264782909185
    },
    "mean_latency_ms": {
      "mean": 2.0,
      "std": 0.0,
      "ci_95_lower": 2.0,
      "ci_95_upper": 2.0
    },
    "p95_latency_ms": {
      "mean": 2.0,
      "std": 0.0,
      "ci_95_lower": 2.0,
      "ci_95_upper": 2.0
    },
    "mean_k_total": {
      "mean": 2.0,
      "std": 0.0,
      "ci_95_lower": 2.0,
      "ci_95_upper": 2.0
    },
    "mean_energy": {
      "mean": 1.8206670000000003,
      "std": 0.043701589215954115,
      "ci_95_lower": 1.8119956565869837,
      "ci_95_upper": 1.8293383434130168
    },
    "frac_rf": {
      "mean": 0.74448,
      "std": 0.06215222108548162,
      "ci_95_lower": 0.7321476509348273,
      "ci_95_upper": 0.7568123490651728
    },
    "frac_vlc": {
      "mean": 0.0006700000000000001,
      "std": 0.001589453879910844,
      "ci_95_lower": 0.00035461786678396583,
      "ci_95_upper": 0.0009853821332160345
    },
    "frac_dup": {
      "mean": 0.25485,
      "std": 0.06191316418169806,
      "ci_95_lower": 0.24256508501091348,
      "ci_95_upper": 0.2671349149890866
    },
    "num_switches": {
      "mean": 91.3,
      "std": 18.44757792538444,
      "ci_95_lower": 87.63960031661748,
      "ci_95_upper": 94.96039968338252
    }
  }
}