{
  "rf_only": {
    "timely_delivery_ratio": {
      "mean": 0.8191000000000002,
      "std": 0.018054071423075017,
      "ci_95_lower": 0.8155176805438588,
      "ci_95_upper": 0.8226823194561416
    },
    "mean_latency_ms": {
      "mean": 2.0,
      "std": 0.0,
      "ci_95_lower": 2.0,
      "ci_95_upper": 2.0
    },
    "p95_latency_ms": {
      "mean": 2.0,
      "std": 0.0,
      "ci_95_lower": 2.0,
      "ci_95_upper": 2.0
    },
    "mean_k_total": {
      "mean": 2.0,
      "std": 0.0,
      "ci_95_lower": 2.0,
      "ci_95_upper": 2.0
    },
    "mean_energy": {
      "mean": 2.0,
      "std": 0.0,
      "ci_95_lower": 2.0,
      "ci_95_upper": 2.0
    },
    "frac_rf": {
      "mean": 1.0,
      "std": 0.0,
      "ci_95_lower": 1.0,
      "ci_95_upper": 1.0
    },
    "frac_vlc": {
      "mean": 0.0,
      "std": 0.0,
      "ci_95_lower": 0.0,
      "ci_95_upper": 0.0
    },
    "frac_dup": {
      "mean": 0.0,
      "std": 0.0,
      "ci_95_lower": 0.0,
      "ci_95_upper": 0.0
    },
    "num_switches": {
      "mean": 0.0,
      "std": 0.0,
      "ci_95_lower": 0.0,
      "ci_95_upper": 0.0
    }
  },
  "vlc_only": {
    "timely_delivery_ratio": {
      "mean": 0.07701,
      "std": 0.01578421088085537,
      "ci_95_lower": 0.07387807012040189,
      "ci_95_upper": 0.0801419298795981
    },
    "mean_latency_ms": {
      "mean": 2.0,
      "std": 0.0,
      "ci_95_lower": 2.0,
      "ci_95_upper": 2.0
    },
    "p95_latency_ms": {
      "mean": 2.0,
      "std": 0.0,
      "ci_95_lower": 2.0,
      "ci_95_upper": 2.0
    },
    "mean_k_total": {
      "mean": 2.0,
      "std": 0.0,
      "ci_95_lower": 2.0,
      "ci_95_upper": 2.0
    },
    "mean_energy": {
      "mean": 0.5999999999999998,
      "std": 0.0,
      "ci_95_lower": 0.5999999999999998,
      "ci_95_upper": 0.5999999999999998
    },
    "frac_rf": {
      "mean": 0.0,
      "std": 0.0,
      "ci_95_lower": 0.0,
      "ci_95_upper": 0.0
    },
    "frac_vlc": {
      "mean": 1.0,
      "std": 0.0,
      "ci_95_lower": 1.0,
      "ci_95_upper": 1.0
    },
    "frac_dup": {
      "mean": 0.0,
      "std": 0.0,
      "ci_95_lower": 0.0,
      "ci_95_upper": 0.0
    },
    "num_switches": {
      "mean": 0.0,
      "std": 0.0,
      "ci_95_lower": 0.0,
      "ci_95_upper": 0.0
    }
  },
  "always_dup": {
    "timely_delivery_ratio": {
      "mean": 0.6172400000000001,
      "std": 0.02090870970227819,
      "ci_95_lower": 0.6130912583774567,
      "ci_95_upper": 0.6213887416225435
    },
    "mean_latency_ms": {
      "mean": 2.0,
      "std": 0.0,
      "ci_95_lower": 2.0,
      "ci_95_upper": 2.0
    },
    "p95_latency_ms": {
      "mean": 2.0,
      "std": 0.0,
      "ci_95_lower": 2.0,
      "ci_95_upper": 2.0
    },
    "mean_k_total": {
      "mean": 2.0,
      "std": 0.0,
      "ci_95_lower": 2.0,
      "ci_95_upper": 2.0
    },
    "mean_energy": {
      "mean": 1.3000000000000005,
      "std": 0.0,
      "ci_95_lower": 1.3000000000000005,
      "ci_95_upper": 1.3000000000000005
    },
    "frac_rf": {
      "mean": 0.0,
      "std": 0.0,
      "ci_95_lower": 0.0,
      "ci_95_upper": 0.0
    },
    "frac_vlc": {
      "mean": 0.0,
      "std": 0.0,
      "ci_95_lower": 0.0,
      "ci_95_upper": 0.0
    },
    "frac_dup": {
      "mean": 1.0,
      "std": 0.0,
      "ci_95_lower": 1.0,
      "ci_95_upper": 1.0
    },
    "num_switches": {
      "mean": 0.0,
      "std": 0.0,
      "ci_95_lower": 0.0,
      "ci_95_upper": 0.0
    }
  },
  "oracle": {
    "timely_delivery_ratio": {
      "mean": 0.8228300000000002,
      "std": 0.019929195374696576,
      "ci_95_lower": 0.81887561527076,
      "ci_95_upper": 0.8267843847292403
    },
    "mean_latency_ms": {
      "mean": 2.0,
      "std": 0.0,
      "ci_95_lower": 2.0,
      "ci_95_upper": 2.0
    },
    "p95_latency_ms": {
      "mean": 2.0,
      "std": 0.0,
      "ci_95_lower": 2.0,
      "ci_95_upper": 2.0
    },
    "mean_k_total": {
      "mean": 2.0,
      "std": 0.0,
      "ci_95_lower": 2.0,
      "ci_95_upper": 2.0
    },
    "mean_energy": {
      "mean": 1.9915859999999999,
      "std": 0.006708987188161026,
      "ci_95_lower": 1.9902547913893796,
      "ci_95_upper": 1.9929172086106202
    },
    "frac_rf": {
      "mean": 0.99177,
      "std": 0.006292299285875584,
      "ci_95_lower": 0.9905214713093,
      "ci_95_upper": 0.9930185286907001
    },
    "frac_vlc": {
      "mean": 0.00379,
      "std": 0.0035768475483082007,
      "ci_95_lower": 0.0030802758461684595,
      "ci_95_upper": 0.0044997241538315405
    },
    "frac_dup": {
      "mean": 0.00444,
      "std": 0.0035938218591849477,
      "ci_95_lower": 0.003726907774630278,
      "ci_95_upper": 0.005153092225369723
    },
    "num_switches": {
      "mean": 10.03,
      "std": 7.147020287497369,
      "ci_95_lower": 8.611876119277126,
      "ci_95_upper": 11.448123880722873
    }
  },
  "threshold": {
    "timely_delivery_ratio": {
      "mean": 0.7725499999999998,
      "std": 0.02850354399372157,
      "ci_95_lower": 0.7668942784829582,
      "ci_95_upper": 0.7782057215170415
    },
    "mean_latency_ms": {
      "mean": 2.0,
      "std": 0.0,
      "ci_95_lower": 2.0,
      "ci_95_upper": 2.0
    },
    "p95_latency_ms": {
      "mean": 2.0,
      "std": 0.0,
      "ci_95_lower": 2.0,
      "ci_95_upper": 2.0
    },
    "mean_k_total": {
      "mean": 2.0,
      "std": 0.0,
      "ci_95_lower": 2.0,
      "ci_95_upper": 2.0
    },
    "mean_energy": {
      "mean": 1.8206670000000003,
      "std": 0.043701589215954115,
      "ci_95_lower": 1.8119956565869837,
      "ci_95_upper": 1.8293383434130168
    },
    "frac_rf": {
      "mean": 0.74448,
      "std": 0.06215222108548162,
      "ci_95_lower": 0.7321476509348273,
      "ci_95_upper": 0.7568123490651728
    },
    "frac_vlc": {
      "mean": 0.0006700000000000001,
      "std": 0.001589453879910844,
      "ci_95_lower": 0.00035461786678396583,
      "ci_95_upper": 0.0009853821332160345
    },
    "frac_dup": {
      "mean": 0.25485,
      "std": 0.06191316418169806,
      "ci_95_lower": 0.24256508501091348,
      "ci_95_upper": 0.2671349149890866
    },
    "num_switches": {
      "mean": 91.3,
      "std": 18.44757792538444,
      "ci_95_lower": 87.63960031661748,
      "ci_95_upper": 94.96039968338252
    }
  },
  "best_link": {
    "timely_delivery_ratio": {
      "mean": 0.7006399999999999,
      "std": 0.02461604962194174,
      "ci_95_lower": 0.6957556417060964,
      "ci_95_upper": 0.7055243582939035
    },
    "mean_latency_ms": {
      "mean": 2.0,
      "std": 0.0,
      "ci_95_lower": 2.0,
      "ci_95_upper": 2.0
    },
    "p95_latency_ms": {
      "mean": 2.0,
      "std": 0.0,
      "ci_95_lower": 2.0,
      "ci_95_upper": 2.0
    },
    "mean_k_total": {
      "mean": 2.0,
      "std": 0.0,
      "ci_95_lower": 2.0,
      "ci_95_upper": 2.0
    },
    "mean_energy": {
      "mean": 1.7697979999999998,
      "std": 0.03079952111657099,
      "ci_95_lower": 1.7636867068102149,
      "ci_95_upper": 1.7759092931897846
    },
    "frac_rf": {
      "mean": 0.8355699999999999,
      "std": 0.021999657940407827,
      "ci_95_lower": 0.831204790578725,
      "ci_95_upper": 0.8399352094212749
    },
    "frac_vlc": {
      "mean": 0.16442999999999997,
      "std": 0.021999657940407834,
      "ci_95_lower": 0.16006479057872497,
      "ci_95_upper": 0.16879520942127496
    },
    "frac_dup": {
      "mean": 0.0,
      "std": 0.0,
      "ci_95_lower": 0.0,
      "ci_95_upper": 0.0
    },
    "num_switches": {
      "mean": 159.98,
      "std": 14.531039574342609,
      "ci_95_lower": 157.09672649535457,
      "ci_95_upper": 162.8632735046454
    }
  },
  "conditional_dup_balanced": {
    "timely_delivery_ratio": {
      "mean": 0.64523,
      "std": 0.016180081906623678,
      "ci_95_lower": 0.6420195207204078,
      "ci_95_upper": 0.6484404792795921
    },
    "mean_latency_ms": {
      "mean": 2.0,
      "std": 0.0,
      "ci_95_lower": 2.0,
      "ci_95_upper": 2.0
    },