{
  "rf_only": {
    "timely_delivery_ratio": {
      "mean": 0.82132,
      "std": 0.01845545004500393,
      "ci_95_lower": 0.8176580383172982,
      "ci_95_upper": 0.8249819616827019
    },
    "mean_latency_ms": {
      "mean": 2.0,
      "std": 0.0,
      "ci_95_lower": 2.0,
      "ci_95_upper": 2.0
    },
    "p95_latency_ms": {
      "mean": 2.0,
      "std": 0.0,
      "ci_95_lower": 2.0,
      "ci_95_upper": 2.0
    },
    "mean_k_total": {
      "mean": 2.0,
      "std": 0.0,
      "ci_95_lower": 2.0,
      "ci_95_upper": 2.0
    },
    "mean_energy": {
      "mean": 2.0,
      "std": 0.0,
      "ci_95_lower": 2.0,
      "ci_95_upper": 2.0
    },
    "frac_rf": {
      "mean": 1.0,
      "std": 0.0,
      "ci_95_lower": 1.0,
      "ci_95_upper": 1.0
    },
    "frac_vlc": {
      "mean": 0.0,
      "std": 0.0,
      "ci_95_lower": 0.0,
      "ci_95_upper": 0.0
    },
    "frac_dup": {
      "mean": 0.0,
      "std": 0.0,
      "ci_95_lower": 0.0,
      "ci_95_upper": 0.0
    },
    "num_switches": {
      "mean": 0.0,
      "std": 0.0,
      "ci_95_lower": 0.0,
      "ci_95_upper": 0.0
    }
  },
  "vlc_only": {
    "timely_delivery_ratio": {
      "mean": 0.06591,
      "std": 0.015004440420196693,
      "ci_95_lower": 0.06293279349703436,
      "ci_95_upper": 0.06888720650296563
    },
    "mean_latency_ms": {
      "mean": 2.0,
      "std": 0.0,
      "ci_95_lower": 2.0,
      "ci_95_upper": 2.0
    },
    "p95_latency_ms": {
      "mean": 2.0,
      "std": 0.0,
      "ci_95_lower": 2.0,
      "ci_95_upper": 2.0
    },
    "mean_k_total": {
      "mean": 2.0,
      "std": 0.0,
      "ci_95_lower": 2.0,
      "ci_95_upper": 2.0
    },
    "mean_energy": {
      "mean": 0.5999999999999998,
      "std": 0.0,
      "ci_95_lower": 0.5999999999999998,
      "ci_95_upper": 0.5999999999999998
    },
    "frac_rf": {
      "mean": 0.0,
      "std": 0.0,
      "ci_95_lower": 0.0,
      "ci_95_upper": 0.0
    },
    "frac_vlc": {
      "mean": 1.0,
      "std": 0.0,
      "ci_95_lower": 1.0,
      "ci_95_upper": 1.0
    },
    "frac_dup": {
      "mean": 0.0,
      "std": 0.0,
      "ci_95_lower": 0.0,
      "ci_95_upper": 0.0
    },
    "num_switches": {
      "mean": 0.0,
      "std": 0.0,
      "ci_95_lower": 0.0,
      "ci_95_upper": 0.0
    }
  },
  "always_dup": {
    "timely_delivery_ratio": {
      "mean": 0.61531,
      "std": 0.020413253270630573,
      "ci_95_lower": 0.6112595676824975,
      "ci_95_upper": 0.6193604323175026
    },
    "mean_latency_ms": {
      "mean": 2.0,
      "std": 0.0,
      "ci_95_lower": 2.0,
      "ci_95_upper": 2.0
    },
    "p95_latency_ms": {
      "mean": 2.0,
      "std": 0.0,
      "ci_95_lower": 2.0,
      "ci_95_upper": 2.0
    },
    "mean_k_total": {
      "mean": 2.0,
      "std": 0.0,
      "ci_95_lower": 2.0,
      "ci_95_upper": 2.0
    },
    "mean_energy": {
      "mean": 1.3000000000000005,
      "std": 0.0,
      "ci_95_lower": 1.3000000000000005,
      "ci_95_upper": 1.3000000000000005
    },
    "frac_rf": {
      "mean": 0.0,
      "std": 0.0,
      "ci_95_lower": 0.0,
      "ci_95_upper": 0.0
    },
    "frac_vlc": {
      "mean": 0.0,
      "std": 0.0,
      "ci_95_lower": 0.0,
      "ci_95_upper": 0.0
    },
    "frac_dup": {
      "mean": 1.0,
      "std": 0.0,
      "ci_95_lower": 1.0,
      "ci_95_upper": 1.0
    },
    "num_switches": {
      "mean": 0.0,
      "std": 0.0,
      "ci_95_lower": 0.0,
      "ci_95_upper": 0.0
    }
  },
  "oracle": {
    "timely_delivery_ratio": {
      "mean": 0.8214299999999999,
      "std": 0.01842772121264342,
      "ci_95_lower": 0.8177735403192196,
      "ci_95_upper": 0.8250864596807802
    },
    "mean_latency_ms": {
      "mean": 2.0,
      "std": 0.0,
      "ci_95_lower": 2.0,
      "ci_95_upper": 2.0
    },
    "p95_latency_ms": {
      "mean": 2.0,
      "std": 0.0,
      "ci_95_lower": 2.0,
      "ci_95_upper": 2.0
    },
    "mean_k_total": {
      "mean": 2.0,
      "std": 0.0,
      "ci_95_lower": 2.0,
      "ci_95_upper": 2.0
    },
    "mean_energy": {
      "mean": 1.9926570000000001,
      "std": 0.006224118208609744,
      "ci_95_lower": 1.9914219999142284,
      "ci_95_upper": 1.9938920000857718
    },
    "frac_rf": {
      "mean": 0.99281,
      "std": 0.005856352848562726,
      "ci_95_lower": 0.9916479725403865,
      "ci_95_upper": 0.9939720274596134
    },
    "frac_vlc": {
      "mean": 0.003300000000000001,
      "std": 0.0033287847753809617,
      "ci_95_lower": 0.002639496882076508,
      "ci_95_upper": 0.003960503117923494
    },
    "frac_dup": {
      "mean": 0.0038900000000000007,
      "std": 0.003419773162776807,
      "ci_95_lower": 0.0032114428120103805,
      "ci_95_upper": 0.004568557187989621
    },
    "num_switches": {
      "mean": 9.12,
      "std": 6.836148717876851,
      "ci_95_lower": 7.76355978309544,
      "ci_95_upper": 10.476440216904559
    }
  },
  "threshold_belief": {
    "timely_delivery_ratio": {
      "mean": 0.8097,
      "std": 0.01962347594288043,
      "ci_95_lower": 0.8058062766386613,
      "ci_95_upper": 0.8135937233613386
    },
    "mean_latency_ms": {
      "mean": 2.0,
      "std": 0.0,
      "ci_95_lower": 2.0,
      "ci_95_upper": 2.0
    },
    "p95_latency_ms": {
      "mean": 2.0,
      "std": 0.0,
      "ci_95_lower": 2.0,
      "ci_95_upper": 2.0
    },
    "mean_k_total": {
      "mean": 2.0,
      "std": 0.0,
      "ci_95_lower": 2.0,
      "ci_95_upper": 2.0
    },
    "mean_energy": {
      "mean": 1.953485,
      "std": 0.0031547102830049322,
      "ci_95_lower": 1.9528590370379362,
      "ci_95_upper": 1.9541109629620637
    },
    "frac_rf": {
      "mean": 0.9335699999999999,
      "std": 0.00447722632391477,
      "ci_95_lower": 0.9326816211632346,
      "ci_95_upper": 0.9344583788367652
    },
    "frac_vlc": {
      "mean": 2e-05,
      "std": 0.0002,
      "ci_95_lower": -1.968433903017366e-05,
      "ci_95_upper": 5.9684339030173665e-05
    },
    "frac_dup": {
      "mean": 0.06641,
      "std": 0.004456512655710185,
      "ci_95_lower": 0.06552573120439269,
      "ci_95_upper": 0.0672942687956073
    },
    "num_switches": {
      "mean": 110.2,
      "std": 2.670451859014338,
      "ci_95_lower": 109.67012441531558,
      "ci_95_upper": 110.72987558468442
    }
  },
  "best_link": {
    "timely_delivery_ratio": {
      "mean": 0.80876,
      "std": 0.020102324103034284,
      "ci_95_lower": 0.8047712627750038,
      "ci_95_upper": 0.8127487372249963
    },
    "mean_latency_ms": {
      "mean": 2.0,
      "std": 0.0,
      "ci_95_lower": 2.0,
      "ci_95_upper": 2.0
    },
    "p95_latency_ms": {
      "mean": 2.0,
      "std": 0.0,
      "ci_95_lower": 2.0,
      "ci_95_upper": 2.0
    },
    "mean_k_total": {
      "mean": 2.0,
      "std": 0.0,
      "ci_95_lower": 2.0,
      "ci_95_upper": 2.0
    },
    "mean_energy": {
      "mean": 1.977348,
      "std": 0.008272657653164706,
      "ci_95_lower": 1.9757065252450563,
      "ci_95_upper": 1.978989474754944
    },
    "frac_rf": {
      "mean": 0.9838199999999999,
      "std": 0.005909041180831941,
      "ci_95_lower": 0.982647518032183,
      "ci_95_upper": 0.9849924819678169
    },
    "frac_vlc": {
      "mean": 0.01618,
      "std": 0.005909041180831936,
      "ci_95_lower": 0.015007518032183038,
      "ci_95_upper": 0.01735248196781696
    },
    "frac_dup": {
      "mean": 0.0,
      "std": 0.0,
      "ci_95_lower": 0.0,
      "ci_95_upper": 0.0
    },
    "num_switches": {
      "mean": 25.13,
      "std": 7.328724447009998,
      "ci_95_lower": 23.675822071930664,
      "ci_95_upper": 26.584177928069334
    }
  },
  "conditional_dup_balanced": {
    "timely_delivery_ratio": {
      "mean": 0.7357799999999999,
      "std": 0.014521026204101499,
      "ci_95_lower": 0.7328987133652519,
      "ci_95_upper": 0.7386612866347478
    },
    "mean_latency_ms": {
      "mean": 2.0,
      "std": 0.0,
      "ci_95_lower": 2.0,
      "ci_95_upper": 2.0
    },
    "p95_latency_ms": {
      "mean": 2.0,