{
  "rf_only": {
    "timely_delivery_ratio": {
      "mean": 0.7979999999999999,
      "std": 0.03190262963734771,
      "ci_95_lower": 0.7751782335697349,
      "ci_95_upper": 0.8208217664302649
    },
    "mean_latency_ms": {
      "mean": 2.0,
      "std": 0.0,
      "ci_95_lower": 2.0,
      "ci_95_upper": 2.0
    },
    "p95_latency_ms": {
      "mean": 2.0,
      "std": 0.0,
      "ci_95_lower": 2.0,
      "ci_95_upper": 2.0
    },
    "mean_k_total": {
      "mean": 2.0,
      "std": 0.0,
      "ci_95_lower": 2.0,
      "ci_95_upper": 2.0
    },
    "mean_energy": {
      "mean": 2.0,
      "std": 0.0,
      "ci_95_lower": 2.0,
      "ci_95_upper": 2.0
    },
    "frac_rf": {
      "mean": 1.0,
      "std": 0.0,
      "ci_95_lower": 1.0,
      "ci_95_upper": 1.0
    },
    "frac_vlc": {
      "mean": 0.0,
      "std": 0.0,
      "ci_95_lower": 0.0,
      "ci_95_upper": 0.0
    },
    "frac_dup": {
      "mean": 0.0,
      "std": 0.0,
      "ci_95_lower": 0.0,
      "ci_95_upper": 0.0
    },
    "num_switches": {
      "mean": 0.0,
      "std": 0.0,
      "ci_95_lower": 0.0,
      "ci_95_upper": 0.0
    }
  },
  "vlc_only": {
    "timely_delivery_ratio": {
      "mean": 0.07849999999999999,
      "std": 0.0264627620965344,
      "ci_95_lower": 0.05956968038271762,
      "ci_95_upper": 0.09743031961728235
    },
    "mean_latency_ms": {
      "mean": 2.0,
      "std": 0.0,
      "ci_95_lower": 2.0,
      "ci_95_upper": 2.0
    },
    "p95_latency_ms": {
      "mean": 2.0,
      "std": 0.0,
      "ci_95_lower": 2.0,
      "ci_95_upper": 2.0
    },
    "mean_k_total": {
      "mean": 2.0,
      "std": 0.0,
      "ci_95_lower": 2.0,
      "ci_95_upper": 2.0
    },
    "mean_energy": {
      "mean": 0.5999999999999999,
      "std": 0.0,
      "ci_95_lower": 0.5999999999999999,
      "ci_95_upper": 0.5999999999999999
    },
    "frac_rf": {
      "mean": 0.0,
      "std": 0.0,
      "ci_95_lower": 0.0,
      "ci_95_upper": 0.0
    },
    "frac_vlc": {
      "mean": 1.0,
      "std": 0.0,
      "ci_95_lower": 1.0,
      "ci_95_upper": 1.0
    },
    "frac_dup": {
      "mean": 0.0,
      "std": 0.0,
      "ci_95_lower": 0.0,
      "ci_95_upper": 0.0
    },
    "num_switches": {
      "mean": 0.0,
      "std": 0.0,
      "ci_95_lower": 0.0,
      "ci_95_upper": 0.0
    }
  },
  "always_dup": {
    "timely_delivery_ratio": {
      "mean": 0.634,
      "std": 0.04383048152953733,
      "ci_95_lower": 0.6026455623450511,
      "ci_95_upper": 0.665354437654949
    },
    "mean_latency_ms": {
      "mean": 2.0,
      "std": 0.0,
      "ci_95_lower": 2.0,
      "ci_95_upper": 2.0
    },
    "p95_latency_ms": {
      "mean": 2.0,
      "std": 0.0,
      "ci_95_lower": 2.0,
      "ci_95_upper": 2.0
    },
    "mean_k_total": {
      "mean": 2.0,
      "std": 0.0,
      "ci_95_lower": 2.0,
      "ci_95_upper": 2.0
    },
    "mean_energy": {
      "mean": 1.3000000000000003,
      "std": 0.0,
      "ci_95_lower": 1.3000000000000003,
      "ci_95_upper": 1.3000000000000003
    },
    "frac_rf": {
      "mean": 0.0,
      "std": 0.0,
      "ci_95_lower": 0.0,
      "ci_95_upper": 0.0
    },
    "frac_vlc": {
      "mean": 0.0,
      "std": 0.0,
      "ci_95_lower": 0.0,
      "ci_95_upper": 0.0
    },
    "frac_dup": {
      "mean": 1.0,
      "std": 0.0,
      "ci_95_lower": 1.0,
      "ci_95_upper": 1.0
    },
    "num_switches": {
      "mean": 0.0,
      "std": 0.0,
      "ci_95_lower": 0.0,
      "ci_95_upper": 0.0
    }
  },
  "oracle": {
    "timely_delivery_ratio": {
      "mean": 0.795,
      "std": 0.03464101615137754,
      "ci_95_lower": 0.7702193098656585,
      "ci_95_upper": 0.8197806901343416
    },
    "mean_latency_ms": {
      "mean": 2.0,
      "std": 0.0,
      "ci_95_lower": 2.0,
      "ci_95_upper": 2.0
    },
    "p95_latency_ms": {
      "mean": 2.0,
      "std": 0.0,
      "ci_95_lower": 2.0,
      "ci_95_upper": 2.0
    },
    "mean_k_total": {
      "mean": 2.0,
      "std": 0.0,
      "ci_95_lower": 2.0,
      "ci_95_upper": 2.0
    },
    "mean_energy": {
      "mean": 1.99265,
      "std": 0.01293369844845451,
      "ci_95_lower": 1.9833977894949275,
      "ci_95_upper": 2.0019022105050728
    },
    "frac_rf": {
      "mean": 0.9925,
      "std": 0.010865337342004424,
      "ci_95_lower": 0.9847274058965042,
      "ci_95_upper": 1.000272594103496
    },
    "frac_vlc": {
      "mean": 0.003,
      "std": 0.007888106377466156,
      "ci_95_lower": -0.0026428113722910818,
      "ci_95_upper": 0.008642811372291082
    },
    "frac_dup": {
      "mean": 0.0045000000000000005,
      "std": 0.004377975178854566,
      "ci_95_lower": 0.0013681852215608496,
      "ci_95_upper": 0.0076318147784391515
    },
    "num_switches": {
      "mean": 2.1,
      "std": 2.330951164939612,
      "ci_95_lower": 0.43253798663888277,
      "ci_95_upper": 3.7674620133611176
    }
  },
  "threshold": {
    "timely_delivery_ratio": {
      "mean": 0.7485000000000002,
      "std": 0.07817537264950446,
      "ci_95_lower": 0.6925767072969652,
      "ci_95_upper": 0.8044232927030351
    },
    "mean_latency_ms": {
      "mean": 2.0,
      "std": 0.0,
      "ci_95_lower": 2.0,
      "ci_95_upper": 2.0
    },
    "p95_latency_ms": {
      "mean": 2.0,
      "std": 0.0,
      "ci_95_lower": 2.0,
      "ci_95_upper": 2.0
    },
    "mean_k_total": {
      "mean": 2.0,
      "std": 0.0,
      "ci_95_lower": 2.0,
      "ci_95_upper": 2.0
    },
    "mean_energy": {
      "mean": 1.7826500000000003,
      "std": 0.127433435783375,
      "ci_95_lower": 1.6914896116585414,
      "ci_95_upper": 1.8738103883414592
    },
    "frac_rf": {
      "mean": 0.6895,
      "std": 0.1820477654048214,
      "ci_95_lower": 0.5592708737979158,
      "ci_95_upper": 0.8197291262020842
    },
    "frac_vlc": {
      "mean": 0.0,
      "std": 0.0,
      "ci_95_lower": 0.0,
      "ci_95_upper": 0.0
    },
    "frac_dup": {
      "mean": 0.3105,
      "std": 0.1820477654048214,
      "ci_95_lower": 0.18027087379791581,
      "ci_95_upper": 0.44072912620208415
    },
    "num_switches": {
      "mean": 22.0,
      "std": 6.79869268479038,
      "ci_95_lower": 17.136508236242793,
      "ci_95_upper": 26.863491763757207
    }
  },
  "best_link": {
    "timely_delivery_ratio": {
      "mean": 0.8160000000000001,
      "std": 0.0363470921960906,
      "ci_95_lower": 0.7899988565849317,
      "ci_95_upper": 0.8420011434150684
    },
    "mean_latency_ms": {
      "mean": 2.0,
      "std": 0.0,
      "ci_95_lower": 2.0,
      "ci_95_upper": 2.0
    },
    "p95_latency_ms": {
      "mean": 2.0,
      "std": 0.0,
      "ci_95_lower": 2.0,
      "ci_95_upper": 2.0
    },
    "mean_k_total": {
      "mean": 2.0,
      "std": 0.0,
      "ci_95_lower": 2.0,
      "ci_95_upper": 2.0
    },
    "mean_energy": {
      "mean": 1.9922999999999997,
      "std": 0.0022135943621179022,
      "ci_95_lower": 1.990716489986002,
      "ci_95_upper": 1.9938835100139976
    },
    "frac_rf": {
      "mean": 0.9944999999999998,
      "std": 0.001581138830084191,
      "ci_95_lower": 0.9933689214185728,
      "ci_95_upper": 0.9956310785814269
    },
    "frac_vlc": {
      "mean": 0.0055,
      "std": 0.0015811388300841897,
      "ci_95_lower": 0.00436892141857295,
      "ci_95_upper": 0.006631078581427049
    },
    "frac_dup": {
      "mean": 0.0,
      "std": 0.0,
      "ci_95_lower": 0.0,
      "ci_95_upper": 0.0
    },
    "num_switches": {
      "mean": 1.2,
      "std": 0.6324555320336759,
      "ci_95_lower": 0.7475685674291802,
      "ci_95_upper": 1.6524314325708196
    }
  },
  "conditional_dup_conservative": {
    "timely_delivery_ratio": {
      "mean": 0.8105,
      "std": 0.04957878130365404,
      "ci_95_lower": 0.7750334764039455,
      "ci_95_upper": 0.8459665235960545
    },
    "mean_latency_ms": {
      "mean": 2.0,
      "std": 0.0,
      "ci_95_lower": 2.0,
      "ci_95_upper": 2.0
    },
    "p95_latency_ms": {
      "mean": 2.0,
      "std": 0.0,
      "ci_95_lower": 2.0,